nome;ncm;codigo;inicioVigencia;fimVigencia
CESAER;ncm7402;ATT_1000;31/12/9999;26/10/2022
Registro/Certificação -setor aeronáutico;ncm7370;ATT_1001;31/12/9999;26/10/2022
Revestimento;ncm7941;ATT_1003;31/12/9999;27/10/2022
Animal de origem;ncm5918;ATT_1005;31/12/9999;01/11/2022
Forma de apresentação;ncm724;ATT_1006;31/12/9999;03/11/2022
É inoxidável?;ncm9502;ATT_1007;31/12/9999;02/11/2022
Tipo de material;ncm9671;ATT_1009;31/12/9999;03/11/2022
Elos articulados;ncm6268;ATT_1010;31/12/9999;02/11/2022
Estado físico;ncm6386;ATT_1479;31/12/9999;16/12/2020
Modelo;ncm7421;ATT_1560;31/12/9999;14/04/2021
Peixes ornamentais continentais;ncm6334;ATT_1565;31/12/9999;10/06/2020
Peixes ornamentais marinhos;ncm9022;ATT_1566;31/12/9999;21/08/2020
Nº do DOF ou Guia Florestal (PA/MT);ncm5758;ATT_1571;31/12/9999;21/08/2021
Uso;ncm7034;ATT_1610;31/12/9999;08/05/2018
Detalhamento do produto;ncm3581;ATT_2048;31/12/9999;26/09/2018
Detalhamento do produto;ncm2996;ATT_2049;31/12/9999;26/09/2018
Detalhamento do produto;ncm4284;ATT_2050;31/12/9999;26/09/2018
Detalhamento do produto;ncm3253;ATT_2051;31/12/9999;26/09/2018
Detalhamento do produto;ncm2875;ATT_2052;31/12/9999;26/09/2018
Detalhamento do produto;ncm732;ATT_2053;31/12/9999;26/09/2018
Detalhamento do produto;ncm4173;ATT_2054;31/12/9999;26/09/2018
Detalhamento do produto;ncm190;ATT_2055;31/12/9999;26/09/2018
Detalhamento do produto;ncm9193;ATT_2056;31/12/9999;26/09/2018
Detalhamento do produto;ncm7686;ATT_2057;31/12/9999;26/09/2018
Detalhamento do produto;ncm7440;ATT_2058;31/12/9999;26/09/2018
Detalhamento do produto;ncm156;ATT_2059;31/12/9999;26/09/2018
Detalhamento do produto;ncm6934;ATT_2060;31/12/9999;26/09/2018
Detalhamento do produto;ncm8673;ATT_2061;31/12/9999;26/09/2018
Detalhamento do produto;ncm4945;ATT_2062;31/12/9999;26/09/2018
Detalhamento do produto;ncm6920;ATT_2063;31/12/9999;26/09/2018
Detalhamento do produto;ncm3849;ATT_2064;31/12/9999;26/09/2018
Detalhamento do produto;ncm5925;ATT_2065;31/12/9999;26/09/2018
Detalhamento do produto;ncm31;ATT_2066;31/12/9999;26/09/2018
Detalhamento do produto;ncm6474;ATT_2067;31/12/9999;26/09/2018
Detalhamento do produto;ncm8272;ATT_2068;31/12/9999;26/09/2018
Detalhamento do produto;ncm7999;ATT_2069;31/12/9999;26/09/2018
Detalhamento do produto;ncm3729;ATT_2070;31/12/9999;26/09/2018
Detalhamento do produto;ncm8586;ATT_2071;31/12/9999;26/09/2018
Detalhamento do produto;ncm8706;ATT_2072;31/12/9999;26/09/2018
Detalhamento do produto;ncm3278;ATT_2073;31/12/9999;26/09/2018
Detalhamento do produto;;ATT_2074;31/12/9999;26/09/2018
Detalhamento do produto;;ATT_2075;31/12/9999;26/09/2018
Destaque LI;;ATT_2077;31/12/9999;26/09/2018
Detalhamento do produto;;ATT_2078;31/12/9999;26/09/2018
Detalhamento do produto;;ATT_2079;31/12/9999;26/09/2018
Detalhamento do produto;;ATT_2080;31/12/9999;26/09/2018
Detalhamento do produto;;ATT_2081;31/12/9999;26/09/2018
Detalhamento do produto;;ATT_2082;31/12/9999;26/09/2018
Detalhamento do produto;;ATT_2083;31/12/9999;26/09/2018
Detalhamento do produto;;ATT_2084;31/12/9999;26/09/2018
Detalhamento do produto;;ATT_2085;31/12/9999;26/09/2018
Detalhamento do produto;;ATT_2086;31/12/9999;26/09/2018
Detalhamento do produto;;ATT_2087;31/12/9999;26/09/2018
Detalhamento do produto;;ATT_2088;31/12/9999;26/09/2018
Detalhamento do produto;;ATT_2089;31/12/9999;26/09/2018
Detalhamento do produto;;ATT_2090;31/12/9999;26/09/2018
Detalhamento do produto;;ATT_2091;31/12/9999;26/09/2018
Detalhamento do produto;;ATT_2093;31/12/9999;26/09/2018
Detalhamento IBAMA;;ATT_2094;31/12/9999;26/09/2018
Detalhamento do produto;;ATT_2095;31/12/9999;26/09/2018
Detalhamento do produto;;ATT_2096;31/12/9999;26/09/2018
Detalhamento do produto;;ATT_2097;31/12/9999;26/09/2018
Detalhamento do produto;;ATT_2098;31/12/9999;26/09/2018
Detalhamento do produto;;ATT_2099;31/12/9999;26/09/2018
Detalhamento do produto;;ATT_2100;31/12/9999;26/09/2018
Detalhamento do produto;;ATT_2101;31/12/9999;26/09/2018
Detalhamento do produto;;ATT_2102;31/12/9999;26/09/2018
Detalhamento do produto;;ATT_2105;31/12/9999;26/09/2018
Detalhamento do produto;;ATT_2106;31/12/9999;26/09/2018
Detalhamento do produto;;ATT_2107;31/12/9999;26/09/2018
Detalhamento do produto;;ATT_2108;31/12/9999;26/09/2018
Detalhamento do produto;;ATT_2109;31/12/9999;26/09/2018
Detalhamento do produto;;ATT_2111;31/12/9999;26/09/2018
Detalhamento do produto;;ATT_2112;31/12/9999;26/09/2018
Detalhamento do produto;;ATT_2113;31/12/9999;26/09/2018
Detalhamento do produto;;ATT_2114;31/12/9999;26/09/2018
Detalhamento do produto;;ATT_2115;31/12/9999;26/09/2018
Detalhamento do produto;;ATT_2116;31/12/9999;26/09/2018
Detalhamento do produto;;ATT_2117;31/12/9999;26/09/2018
Detalhamento do produto;;ATT_2118;31/12/9999;26/09/2018
Detalhamento do produto;;ATT_2119;31/12/9999;26/09/2018
Detalhamento do produto;;ATT_2120;31/12/9999;26/09/2018
Detalhamento do produto;;ATT_2121;31/12/9999;26/09/2018
Detalhamento do produto;;ATT_2122;31/12/9999;26/09/2018
Detalhamento do produto;;ATT_2123;31/12/9999;26/09/2018
Detalhamento do produto;;ATT_2125;31/12/9999;26/09/2018
Detalhamento do produto;;ATT_2127;31/12/9999;26/09/2018
Detalhamento do produto;;ATT_2128;31/12/9999;26/09/2018
Detalhamento do produto;;ATT_2129;31/12/9999;26/09/2018
Detalhamento do produto;;ATT_2130;31/12/9999;26/09/2018
Detalhamento do produto;;ATT_2131;31/12/9999;26/09/2018
Detalhamento do produto;;ATT_2133;31/12/9999;26/09/2018
Detalhamento do produto;;ATT_2134;31/12/9999;26/09/2018
Detalhamento do produto;;ATT_2135;31/12/9999;26/09/2018
Detalhamento do produto;;ATT_2136;31/12/9999;26/09/2018
Detalhamento do produto;;ATT_2137;31/12/9999;26/09/2018
Detalhamento do produto;;ATT_2138;31/12/9999;26/09/2018
Detalhamento do produto;;ATT_2139;31/12/9999;26/09/2018
Detalhamento do produto;;ATT_2140;31/12/9999;26/09/2018
Detalhamento do produto;;ATT_2141;31/12/9999;26/09/2018
Especificação IBAMA;;ATT_2142;31/12/9999;26/09/2018
Detalhamento do produto;;ATT_2143;31/12/9999;26/09/2018
Detalhamento do produto;;ATT_2144;31/12/9999;26/09/2018
Detalhamento do produto;;ATT_2145;31/12/9999;26/09/2018
Detalhamento do produto;;ATT_2146;31/12/9999;26/09/2018
Detalhamento do produto;;ATT_2147;31/12/9999;26/09/2018
Detalhamento do produto;;ATT_2148;31/12/9999;26/09/2018
Detalhamento do produto;;ATT_2149;31/12/9999;26/09/2018
Detalhamento do produto;;ATT_2150;31/12/9999;26/09/2018
Detalhamento do produto;;ATT_2151;31/12/9999;26/09/2018
Detalhamento do produto;;ATT_2152;31/12/9999;26/09/2018
Detalhamento do produto;;ATT_2153;31/12/9999;26/09/2018
Detalhamento do produto;;ATT_2154;31/12/9999;26/09/2018
Detalhamento do produto;;ATT_2155;31/12/9999;26/09/2018
Detalhamento do produto;;ATT_2156;31/12/9999;26/09/2018
Detalhamento do produto;;ATT_2157;31/12/9999;26/09/2018
Detalhamento do produto;;ATT_2158;31/12/9999;26/09/2018
Detalhamento do produto;;ATT_2159;31/12/9999;26/09/2018
Detalhamento do produto;;ATT_2160;31/12/9999;26/09/2018
Detalhamento do produto;;ATT_2161;31/12/9999;26/09/2018
Detalhamento do produto;;ATT_2162;31/12/9999;26/09/2018
Detalhamento do produto;;ATT_2163;31/12/9999;26/09/2018
Detalhamento do produto;;ATT_2164;31/12/9999;26/09/2018
Detalhamento do produto;;ATT_2165;31/12/9999;26/09/2018
Detalhamento do produto;;ATT_2166;31/12/9999;26/09/2018
Detalhamento do produto;;ATT_2167;31/12/9999;26/09/2018
Detalhamento do produto;;ATT_2168;31/12/9999;26/09/2018
Detalhamento do produto;;ATT_2169;31/12/9999;26/09/2018
Detalhamento do produto;;ATT_2170;31/12/9999;26/09/2018
Detalhamento do produto;;ATT_2171;31/12/9999;26/09/2018
Detalhamento do produto;;ATT_2172;31/12/9999;26/09/2018
Detalhamento do produto;;ATT_2173;31/12/9999;26/09/2018
Detalhamento do produto;;ATT_2174;31/12/9999;26/09/2018
Detalhamento do produto;;ATT_2176;31/12/9999;26/09/2018
Detalhamento do produto;;ATT_2177;31/12/9999;26/09/2018
Detalhamento do produto;;ATT_2178;31/12/9999;26/09/2018
Detalhamento do produto;;ATT_2179;31/12/9999;26/09/2018
Detalhamento do Produto;;ATT_2180;31/12/9999;26/09/2018
Detalhamento do produto;;ATT_2181;31/12/9999;26/09/2018
Detalhamento do produto;;ATT_2182;31/12/9999;26/09/2018
Detalhamento do produto;;ATT_2183;31/12/9999;26/09/2018
Detalhamento do produto;;ATT_2184;31/12/9999;26/09/2018
Detalhamento do produto;;ATT_2185;31/12/9999;26/09/2018
Detalhamento do produto;;ATT_2186;31/12/9999;26/09/2018
Detalhamento do produto;;ATT_2187;31/12/9999;26/09/2018
Detalhamento do produto;;ATT_2188;31/12/9999;26/09/2018
Detalhamento do produto;;ATT_2189;31/12/9999;26/09/2018
Detalhamento do produto;;ATT_2190;31/12/9999;26/09/2018
Detalhamento do produto;;ATT_2191;31/12/9999;26/09/2018
Detalhamento do produto;;ATT_2192;31/12/9999;26/09/2018
Detalhamento do produto;;ATT_2193;31/12/9999;26/09/2018
Detalhamento do produto;;ATT_2194;31/12/9999;26/09/2018
Detalhamento do produto;;ATT_2195;31/12/9999;26/09/2018
Detalhamento do produto;;ATT_2196;31/12/9999;26/09/2018
Especificação do produto;;ATT_2197;31/12/9999;26/09/2018
Detalhamento do produto;;ATT_2198;31/12/9999;26/09/2018
Detalhamento do produto;;ATT_2199;31/12/9999;26/09/2018
Detalhamento do produto;;ATT_2200;31/12/9999;26/09/2018
Detalhamento do produto;;ATT_2201;31/12/9999;26/09/2018
Detalhamento do produto;;ATT_2202;31/12/9999;26/09/2018
Detalhamento do produto;;ATT_2203;31/12/9999;26/09/2018
Especificação do Vidro;;ATT_2204;31/12/9999;26/09/2018
Detalhamento do produto;;ATT_2205;31/12/9999;26/09/2018
Detalhamento do produto;;ATT_2206;31/12/9999;26/09/2018
Detalhamento do produto;;ATT_2207;31/12/9999;26/09/2018
Detalhamento do produto;;ATT_2208;31/12/9999;26/09/2018
Detalhamento do produto;;ATT_2209;31/12/9999;26/09/2018
Detalhamento do produto;;ATT_2210;31/12/9999;26/09/2018
Detalhamento do produto;;ATT_2211;31/12/9999;26/09/2018
Detalhamento do produto;;ATT_2212;31/12/9999;26/09/2018
Detalhamento do produto;;ATT_2213;31/12/9999;26/09/2018
Detalhamento do produto;;ATT_2216;31/12/9999;26/09/2018
Detalhamento do produto;;ATT_2217;31/12/9999;26/09/2018
Detalhamento do produto;;ATT_2218;31/12/9999;26/09/2018
Detalhamento do produto;;ATT_2219;31/12/9999;26/09/2018
Detalhamento do produto;;ATT_2221;31/12/9999;26/09/2018
Detalhamento do produto;;ATT_2222;31/12/9999;26/09/2018
Detalhamento do produto;;ATT_2224;31/12/9999;26/09/2018
Detalhamento do produto;;ATT_2226;31/12/9999;26/09/2018
Detalhamento do produto;;ATT_2227;31/12/9999;26/09/2018
Detalhamento do produto;;ATT_2228;31/12/9999;26/09/2018
Detalhamento do produto;;ATT_2229;31/12/9999;26/09/2018
Detalhamento do produto;;ATT_2230;31/12/9999;26/09/2018
Detalhamento do produto;;ATT_2231;31/12/9999;26/09/2018
Detalhamento do produto;;ATT_2232;31/12/9999;26/09/2018
Detalhamento do produto;;ATT_2233;31/12/9999;26/09/2018
Detalhamento do produto;;ATT_2234;31/12/9999;26/09/2018
Detalhamento do produto;;ATT_2235;31/12/9999;26/09/2018
Detalhamento do produto;;ATT_2236;31/12/9999;26/09/2018
Detalhamento do produto;;ATT_2237;31/12/9999;26/09/2018
Detalhamento do produto;;ATT_2238;31/12/9999;26/09/2018
Detalhamento do produto;;ATT_2241;31/12/9999;26/09/2018
Detalhamento do produto;;ATT_2242;31/12/9999;26/09/2018
Detalhamento do produto;;ATT_2243;31/12/9999;26/09/2018
Detalhamento do produto;;ATT_2244;31/12/9999;26/09/2018
Detalhamento do produto;;ATT_2245;31/12/9999;26/09/2018
Detalhamento do produto;;ATT_2246;31/12/9999;26/09/2018
Detalhamento do produto;;ATT_2247;31/12/9999;26/09/2018
Detalhamento do produto;;ATT_2248;31/12/9999;26/09/2018
Detalhamento do produto;;ATT_2249;31/12/9999;26/09/2018
Detalhamento do produto;;ATT_2250;31/12/9999;26/09/2018
Detalhamento do produto;;ATT_2251;31/12/9999;26/09/2018
Detalhamento do produto;;ATT_2252;31/12/9999;26/09/2018
Detalhamento do produto;;ATT_2253;31/12/9999;26/09/2018
Detalhamento do produto;;ATT_2254;31/12/9999;26/09/2018
Detalhamento do produto;;ATT_2255;31/12/9999;26/09/2018
Detalhamento do produto;;ATT_2256;31/12/9999;26/09/2018
Detalhamento do produto;;ATT_2257;31/12/9999;26/09/2018
Destaque LI;;ATT_2258;31/12/9999;26/09/2018
Destaque LI;;ATT_2259;31/12/9999;26/09/2018
Destaque LI;;ATT_2260;31/12/9999;26/09/2018
Destaque LI;;ATT_2261;31/12/9999;26/09/2018
Destaque LI;;ATT_2262;31/12/9999;26/09/2018
Detalhamento IBAMA;;ATT_2263;31/12/9999;26/09/2018
Destinação do Produto;;ATT_2264;31/12/9999;26/09/2018
Destaque LI;;ATT_2265;31/12/9999;26/09/2018
Destaque LI;;ATT_2266;31/12/9999;26/09/2018
Detalhamento IBAMA;;ATT_2267;31/12/9999;26/09/2018
Destaque LI;;ATT_2268;31/12/9999;26/09/2018
Utilização do produto;;ATT_2269;31/12/9999;26/09/2018
Especificação IBAMA;;ATT_2270;31/12/9999;26/09/2018
Detalhamento IBAMA;;ATT_2271;31/12/9999;26/09/2018
Detalhamento IBAMA;;ATT_2272;31/12/9999;26/09/2018
Utilização do produto;;ATT_2273;31/12/9999;26/09/2018
Destaque LI;;ATT_2274;31/12/9999;26/09/2018
Detalhamento IBAMA;;ATT_2275;31/12/9999;26/09/2018
Utilização do produto;;ATT_2276;31/12/9999;26/09/2018
Destaque LI;;ATT_2277;31/12/9999;26/09/2018
Detalhamento ANVISA;;ATT_2278;31/12/9999;26/09/2018
Detalhamento do produto;;ATT_2279;31/12/9999;26/09/2018
Especificação da enzima;;ATT_2280;31/12/9999;26/09/2018
Detalhamento ANVISA;;ATT_2281;31/12/9999;26/09/2018
Detalhamento IBAMA;;ATT_2282;31/12/9999;26/09/2018
Detalhamento IBAMA;;ATT_2283;31/12/9999;26/09/2018
Utilização do produto;;ATT_2284;31/12/9999;26/09/2018
Detalhamento IBAMA;;ATT_2285;31/12/9999;26/09/2018
Especificação do produto;;ATT_2286;31/12/9999;26/09/2018
Detalhamento DFPC;;ATT_2287;31/12/9999;26/09/2018
Especificação do produto;;ATT_2288;31/12/9999;26/09/2018
Especificação do produto;;ATT_2289;31/12/9999;26/09/2018
Especificação do produto;;ATT_2290;31/12/9999;26/09/2018
Detalhamento ANVISA;;ATT_2292;31/12/9999;26/09/2018
Destaque LI;;ATT_2293;31/12/9999;26/09/2018
Especificação IBAMA;;ATT_2294;31/12/9999;26/09/2018
Destaque LI;;ATT_2295;31/12/9999;26/09/2018
Detalhamento IBAMA;;ATT_2296;31/12/9999;26/09/2018
Faixa etária do produto;;ATT_2297;31/12/9999;26/09/2018
Detalhamento do produto;;ATT_2298;31/12/9999;26/09/2018
Detalhamento IBAMA;;ATT_2299;31/12/9999;26/09/2018
Utilização do produto;;ATT_2300;31/12/9999;26/09/2018
Detalhamento MAPA;;ATT_2301;31/12/9999;26/09/2018
Detalhamento IBAMA;;ATT_2302;31/12/9999;26/09/2018
Especificação do produto;;ATT_2303;31/12/9999;26/09/2018
Detalhamento IBAMA;;ATT_2304;31/12/9999;26/09/2018
Detalhamento DFPC;;ATT_2305;31/12/9999;26/09/2018
Especificação do produto;;ATT_2306;31/12/9999;26/09/2018
Destaque LI;;ATT_2307;31/12/9999;26/09/2018
Utilização do produto;;ATT_2308;31/12/9999;26/09/2018
Detalhamento MAPA;;ATT_2309;31/12/9999;26/09/2018
Detalhamento do produto;;ATT_2310;31/12/9999;26/09/2018
Detalhamento do produto;;ATT_2311;31/12/9999;26/09/2018
Detalhamento do produto;;ATT_2312;31/12/9999;26/09/2018
Detalhamento do produto;;ATT_2314;31/12/9999;26/09/2018
Detalhamento do produto;;ATT_2315;31/12/9999;26/09/2018
Detalhamento DFPC;;ATT_2316;31/12/9999;26/09/2018
Detalhamento do produto;;ATT_2317;31/12/9999;26/09/2018
Detalhamento do produto;;ATT_2318;31/12/9999;26/09/2018
Detalhamento ANVISA;;ATT_2319;31/12/9999;26/09/2018
Destaque LI;;ATT_2320;31/12/9999;26/09/2018
Utilização do produto;;ATT_2321;31/12/9999;26/09/2018
Detalhamento IBAMA;;ATT_2322;31/12/9999;26/09/2018
Existência de material radioativo;;ATT_2323;31/12/9999;26/09/2018
Tipo de veículo (blindagem);;ATT_2324;31/12/9999;26/09/2018
Desperdícios e resíduos;;ATT_2325;31/12/9999;26/09/2018
Destaque LI;;ATT_2326;31/12/9999;26/09/2018
Destaque LI;;ATT_2327;31/12/9999;26/09/2018
Especificação do Produto;;ATT_2328;31/12/9999;26/09/2018
Destaque LI;;ATT_2329;31/12/9999;26/09/2018
Destaque LI;;ATT_2330;31/12/9999;26/09/2018
Destaque LI;;ATT_2331;31/12/9999;26/09/2018
Destaque LI;;ATT_2332;31/12/9999;26/09/2018
Detalhamento do produto;;ATT_2333;31/12/9999;26/09/2018
Detalhamento do produto;;ATT_2334;31/12/9999;26/09/2018
Destaque LI;;ATT_2335;31/12/9999;26/09/2018
Destaque LI;;ATT_2336;31/12/9999;26/09/2018
Destaque LI;;ATT_2337;31/12/9999;26/09/2018
Detalhamento do produto;;ATT_2338;31/12/9999;26/09/2018
Destaque LI;;ATT_2339;31/12/9999;26/09/2018
Detalhamento do produto;;ATT_2340;31/12/9999;26/09/2018
Especificação do Vidro;;ATT_2341;31/12/9999;26/09/2018
Destaque LI;;ATT_2342;31/12/9999;26/09/2018
Destaque LI;;ATT_2343;31/12/9999;26/09/2018
Destinação do Produto;;ATT_2344;31/12/9999;26/09/2018
Especificação do Tecido;;ATT_2345;31/12/9999;26/09/2018
Detalhamento do Piano;;ATT_2346;31/12/9999;26/09/2018
Detalhamento do produto;;ATT_2347;31/12/9999;26/09/2018
Detalhamento do perfil de ferro ou aço;;ATT_2348;31/12/9999;26/09/2018
Detalhamento do produto;;ATT_2349;31/12/9999;26/09/2018
Detalhamento da gordura de porco/aves;;ATT_2350;31/12/9999;26/09/2018
Especificação do Produto;;ATT_2351;31/12/9999;26/09/2018
Detalhamento do produto;;ATT_2352;31/12/9999;26/09/2018
Detalhamento do produto;;ATT_2353;31/12/9999;26/09/2018
Insumo para medicamento fitoterápico;;ATT_2354;31/12/9999;26/09/2018
Insumo para medicamento fitoterápico;;ATT_2355;31/12/9999;26/09/2018
Insumo para medicamento fitoterápico;;ATT_2356;31/12/9999;26/09/2018
Especificação do produto;;ATT_2357;31/12/9999;26/09/2018
Especificação do produto;;ATT_2358;31/12/9999;26/09/2018
Especificação do produto;;ATT_2359;31/12/9999;26/09/2018
Especificação do produto;;ATT_2360;31/12/9999;26/09/2018
Especificação do produto;;ATT_2361;31/12/9999;26/09/2018
Especificação do produto;;ATT_2362;31/12/9999;26/09/2018
Detalhamento do produto;;ATT_2363;31/12/9999;26/09/2018
Especificação do produto;;ATT_2364;31/12/9999;26/09/2018
Especificação do produto;;ATT_2365;31/12/9999;26/09/2018
Especificação do produto;;ATT_2366;31/12/9999;26/09/2018
Especificação do produto;;ATT_2367;31/12/9999;26/09/2018
Especificação da garrafa térmica;;ATT_2368;31/12/9999;26/09/2018
Especificação do produto;;ATT_2369;31/12/9999;26/09/2018
Especificação do produto;;ATT_2370;31/12/9999;26/09/2018
Especificação do produto;;ATT_2371;31/12/9999;26/09/2018
Especificação do produto;;ATT_2372;31/12/9999;26/09/2018
Especificação do produto;;ATT_2373;31/12/9999;26/09/2018
Destaque LI;;ATT_2374;31/12/9999;26/09/2018
Especificação do produto;;ATT_2375;31/12/9999;26/09/2018
Especificação do produto;;ATT_2376;31/12/9999;26/09/2018
Especificação do produto;;ATT_2377;31/12/9999;26/09/2018
Especificação do produto;;ATT_2378;31/12/9999;26/09/2018
Especificação do produto;;ATT_2379;31/12/9999;26/09/2018
Especificação do produto;;ATT_2380;31/12/9999;26/09/2018
Especificação do Aminoácido;;ATT_2381;31/12/9999;26/09/2018
Especificação do produto;;ATT_2382;31/12/9999;26/09/2018
Especificação do produto;;ATT_2383;31/12/9999;26/09/2018
Especificação do produto;;ATT_2384;31/12/9999;26/09/2018
Especificação do produto;;ATT_2385;31/12/9999;26/09/2018
Especificação do produto;;ATT_2386;31/12/9999;26/09/2018
Detalhamento do Fluoreto;;ATT_2387;31/12/9999;26/09/2018
Especificação do produto;;ATT_2388;31/12/9999;26/09/2018
Especificação do produto;;ATT_2389;31/12/9999;26/09/2018
Especificação do Pneu;;ATT_2391;31/12/9999;26/09/2018
Detalhamento do produto;;ATT_2392;31/12/9999;26/09/2018
Detalhamento do produto;;ATT_2393;31/12/9999;26/09/2018
Especificação do produto;;ATT_2394;31/12/9999;26/09/2018
Especificação do produto;;ATT_2395;31/12/9999;26/09/2018
Especificação do produto;;ATT_2396;31/12/9999;26/09/2018
Especificação do produto;;ATT_2397;31/12/9999;26/09/2018
Especificação do produto;;ATT_2398;31/12/9999;26/09/2018
Especificação do produto;;ATT_2399;31/12/9999;26/09/2018
Especificação do produto;;ATT_2400;31/12/9999;26/09/2018
Especificação do produto;;ATT_2401;31/12/9999;26/09/2018
Especificação do produto;;ATT_2402;31/12/9999;26/09/2018
Especificação do produto;;ATT_2403;31/12/9999;26/09/2018
Especificação do produto;;ATT_2404;31/12/9999;26/09/2018
Especificação do Laminado;;ATT_2405;31/12/9999;26/09/2018
Especificação do condutor elétrico;;ATT_2406;31/12/9999;26/09/2018
Detalhamento do produto;;ATT_2407;31/12/9999;26/09/2018
Detalhamento do produto;;ATT_2408;31/12/9999;26/09/2018
Detalhamento IBAMA;;ATT_2409;31/12/9999;26/09/2018
Detalhamento da Bebida;;ATT_2410;31/12/9999;26/09/2018
Destaque LI;;ATT_2411;31/12/9999;26/09/2018
Especificação do produto;;ATT_2413;31/12/9999;26/09/2018
Especificação do produto;;ATT_2414;31/12/9999;26/09/2018
Especificação do produto;;ATT_2415;31/12/9999;26/09/2018
Especificação do produto;;ATT_2416;31/12/9999;26/09/2018
Especificação do produto;;ATT_2417;31/12/9999;26/09/2018
Especificação do Fio;;ATT_2418;31/12/9999;26/09/2018
Detalhamento do produto;;ATT_2419;31/12/9999;26/09/2018
Detalhamento IBAMA;;ATT_2420;31/12/9999;26/09/2018
Especificação do Aço;;ATT_2421;31/12/9999;26/09/2018
Especificação do produto;;ATT_2422;31/12/9999;26/09/2018
Especificação do produto;;ATT_2423;31/12/9999;26/09/2018
Especificação do produto;;ATT_2424;31/12/9999;26/09/2018
Detalhamento dos Reatores;;ATT_2425;31/12/9999;26/09/2018
Detalhamento do Veículo;;ATT_2426;31/12/9999;26/09/2018
Especificação do produto;;ATT_2427;31/12/9999;26/09/2018
Detalhamento dos óculos;;ATT_2428;31/12/9999;26/09/2018
Detalhamento dos óculos;;ATT_2429;31/12/9999;26/09/2018
Especificação do produto;;ATT_2431;31/12/9999;26/09/2018
Especificação do produto;;ATT_2432;31/12/9999;26/09/2018
Especificação do produto;;ATT_2433;31/12/9999;26/09/2018
Tipo de rede;;ATT_2434;31/12/9999;26/09/2018
Tipo de óleo mineral branco;;ATT_2435;31/12/9999;26/09/2018
Especificação da câmara de ar;;ATT_2436;31/12/9999;26/09/2018
Especificação da câmara de ar;;ATT_2437;31/12/9999;26/09/2018
Especificação do produto;;ATT_2438;31/12/9999;26/09/2018
Detalhamento do produto;;ATT_2439;31/12/9999;26/09/2018
Especificação do produto;;ATT_2440;31/12/9999;26/09/2018
Detalhamento do produto;;ATT_2441;31/12/9999;26/09/2018
Detalhamento das chapas;;ATT_2442;31/12/9999;26/09/2018
Detalhamento do produto;;ATT_2443;31/12/9999;26/09/2018
Detalhamento do produto;;ATT_2444;31/12/9999;26/09/2018
Detalhamento do produto;;ATT_2445;31/12/9999;26/09/2018
Detalhamento do Pneu;;ATT_2446;31/12/9999;26/09/2018
Detalhamento do produto;;ATT_2447;31/12/9999;26/09/2018
Detalhamento do Pneu;;ATT_2448;31/12/9999;26/09/2018
Detalhamento do Tecido;;ATT_2449;31/12/9999;26/09/2018
Acondicionamento dos fios;;ATT_2450;31/12/9999;26/09/2018
Processo de tingimento do fio;;ATT_2451;31/12/9999;26/09/2018
Detalhamento do produto: Coloração;;ATT_2452;31/12/9999;26/09/2018
Detalhamento do produto: Coloração;;ATT_2453;31/12/9999;26/09/2018
Detalhamento do Fio;;ATT_2454;31/12/9999;26/09/2018
Detalhamento do produto: Coloração;;ATT_2455;31/12/9999;26/09/2018
Especificação do produto;;ATT_2456;31/12/9999;26/09/2018
Detalhamento do produto;;ATT_2457;31/12/9999;26/09/2018
Especificação do produto;;ATT_2458;31/12/9999;26/09/2018
Detalhamento do produto;;ATT_2459;31/12/9999;26/09/2018
Utilização do produto;;ATT_2460;31/12/9999;26/09/2018
Tipo de Produto;;ATT_2461;31/12/9999;26/09/2018
Detalhamento do produto;;ATT_2462;31/12/9999;26/09/2018
Especificação do Vidro;;ATT_2463;31/12/9999;26/09/2018
Cobertura do espelho;;ATT_2464;31/12/9999;26/09/2018
Especificação do produto;;ATT_2465;31/12/9999;26/09/2018
Especificação do produto;;ATT_2466;31/12/9999;26/09/2018
Material do objeto;;ATT_2467;31/12/9999;26/09/2018
Especificação do produto;;ATT_2468;31/12/9999;26/09/2018
Especificação do produto;;ATT_2469;31/12/9999;26/09/2018
Especificação do produto;;ATT_2470;31/12/9999;26/09/2018
Detalhamento do produto;;ATT_2471;31/12/9999;26/09/2018
Detalhamento do produto;;ATT_2472;31/12/9999;26/09/2018
Espessura do produto (mm);;ATT_2473;31/12/9999;26/09/2018
Especificação do produto;;ATT_2474;31/12/9999;26/09/2018
Detalhamento do produto;;ATT_2475;31/12/9999;26/09/2018
Diâmetro externo do Tubo (Pol);;ATT_2476;31/12/9999;26/09/2018
Especificação do Tubo;;ATT_2477;31/12/9999;26/09/2018
Especificação do Tubo;;ATT_2478;31/12/9999;26/09/2018
Detalhamento do produto;;ATT_2479;31/12/9999;26/09/2018
Diâmetro externo do Tubo (mm);;ATT_2480;31/12/9999;26/09/2018
Detalhamento do produto;;ATT_2481;31/12/9999;26/09/2018
Detalhamento do produto;;ATT_2482;31/12/9999;26/09/2018
Acabamento do Perfil de liga de alumínio;;ATT_2483;31/12/9999;26/09/2018
Detalhamento do produto;;ATT_2484;31/12/9999;26/09/2018
Detalhamento do produto;;ATT_2485;31/12/9999;26/09/2018
Especificação do produto;;ATT_2486;31/12/9999;26/09/2018
Detalhamento do produto;;ATT_2487;31/12/9999;26/09/2018
Especificação das dobradiças;;ATT_2488;31/12/9999;26/09/2018
Tipo de Produto;;ATT_2489;31/12/9999;26/09/2018
Detalhamento do produto;;ATT_2490;31/12/9999;26/09/2018
Detalhamento do produto;;ATT_2491;31/12/9999;26/09/2018
Especificação do produto;;ATT_2492;31/12/9999;26/09/2018
Tipo de produto;;ATT_2493;31/12/9999;26/09/2018
Especificação do produto;;ATT_2494;31/12/9999;26/09/2018
Especificação do produto;;ATT_2495;31/12/9999;26/09/2018
Especificação do produto;;ATT_2496;31/12/9999;26/09/2018
Detalhamento do produto;;ATT_2497;31/12/9999;26/09/2018
Especificação do produto;;ATT_2498;31/12/9999;26/09/2018
Detalhamento do produto;;ATT_2499;31/12/9999;26/09/2018
Formato do produto;;ATT_2500;31/12/9999;26/09/2018
Utilização do produto;;ATT_2501;31/12/9999;26/09/2018
Detalhamento dos alto-falantes;;ATT_2502;31/12/9999;26/09/2018
Detalhamento do produto;;ATT_2503;31/12/9999;26/09/2018
Detalhamento do Produto;;ATT_2505;31/12/9999;26/09/2018
Detalhamento da armação de óculos;;ATT_2506;31/12/9999;26/09/2018
Especificação do produto;;ATT_2507;31/12/9999;26/09/2018
Tipo de produto;;ATT_2508;31/12/9999;26/09/2018
Tipo de produto;;ATT_2509;31/12/9999;26/09/2018
Material dos botões;;ATT_2510;31/12/9999;26/09/2018
Detalhamento do produto;;ATT_2511;31/12/9999;26/09/2018
Detalhamento ANEEL;;ATT_2512;31/12/9999;26/09/2018
Especificação do produto;;ATT_2513;31/12/9999;26/09/2018
Detalhamento do produto;;ATT_2514;31/12/9999;26/09/2018
Detalhamento do produto;;ATT_2515;31/12/9999;26/09/2018
Especificação do produto;;ATT_2516;31/12/9999;26/09/2018
Utilização do produto;;ATT_2517;31/12/9999;26/09/2018
Detalhamento do produto;;ATT_2518;31/12/9999;26/09/2018
Detalhamento do produto;;ATT_2519;31/12/9999;26/09/2018
Especificação do Vidro;;ATT_2520;31/12/9999;26/09/2018
Detalhamento do produto;;ATT_2521;31/12/9999;26/09/2018
Detalhamento do produto;;ATT_2522;31/12/9999;26/09/2018
Detalhamento do produto;;ATT_2523;31/12/9999;26/09/2018
Detalhamento do produto;;ATT_2524;31/12/9999;26/09/2018
Detalhamento do produto;;ATT_2525;31/12/9999;26/09/2018
Detalhamento do produto;;ATT_2526;31/12/9999;26/09/2018
Detalhamento do produto;;ATT_2527;31/12/9999;26/09/2018
Detalhamento do produto;;ATT_2528;31/12/9999;26/09/2018
Detalhamento do produto;;ATT_2529;31/12/9999;26/09/2018
Detalhamento do produto;;ATT_2530;31/12/9999;26/09/2018
Detalhamento do produto;;ATT_2531;31/12/9999;26/09/2018
Detalhamento do produto;;ATT_2532;31/12/9999;26/09/2018
Detalhamento do produto;;ATT_2533;31/12/9999;26/09/2018
Detalhamento do produto;;ATT_2534;31/12/9999;26/09/2018
Detalhamento do produto;;ATT_2535;31/12/9999;26/09/2018
Detalhamento do produto;;ATT_2536;31/12/9999;26/09/2018
Detalhamento do produto;;ATT_2537;31/12/9999;26/09/2018
Detalhamento do produto;;ATT_2538;31/12/9999;26/09/2018
Detalhamento do produto;;ATT_2539;31/12/9999;26/09/2018
Detalhamento do produto;;ATT_2540;31/12/9999;26/09/2018
Detalhamento do produto;;ATT_2541;31/12/9999;26/09/2018
Detalhamento do produto;;ATT_2542;31/12/9999;26/09/2018
Detalhamento do produto;;ATT_2543;31/12/9999;26/09/2018
Detalhamento do produto;;ATT_2544;31/12/9999;26/09/2018
Detalhamento do produto;;ATT_2545;31/12/9999;26/09/2018
Detalhamento do produto;;ATT_2546;31/12/9999;26/09/2018
Detalhamento do produto;;ATT_2547;31/12/9999;26/09/2018
Detalhamento do produto;;ATT_2548;31/12/9999;26/09/2018
Detalhamento do produto;;ATT_2549;31/12/9999;26/09/2018
Detalhamento do produto;;ATT_2550;31/12/9999;26/09/2018
Detalhamento do produto;;ATT_2551;31/12/9999;26/09/2018
Detalhamento do produto;;ATT_2552;31/12/9999;26/09/2018
Detalhamento do produto;;ATT_2553;31/12/9999;26/09/2018
Detalhamento do produto;;ATT_2554;31/12/9999;26/09/2018
Detalhamento do produto;;ATT_2555;31/12/9999;26/09/2018
Detalhamento do produto;;ATT_2556;31/12/9999;26/09/2018
Detalhamento do produto;;ATT_2557;31/12/9999;26/09/2018
Detalhamento do produto;;ATT_2558;31/12/9999;26/09/2018
Detalhamento do produto;;ATT_2559;31/12/9999;26/09/2018
Detalhamento do produto;;ATT_2561;31/12/9999;26/09/2018
Detalhamento do produto;;ATT_2562;31/12/9999;26/09/2018
Detalhamento do produto;;ATT_2563;31/12/9999;26/09/2018
Detalhamento do produto;;ATT_2564;31/12/9999;26/09/2018
Detalhamento do produto;;ATT_2565;31/12/9999;26/09/2018
Detalhamento do produto;;ATT_2566;31/12/9999;26/09/2018
Detalhamento do produto;;ATT_2567;31/12/9999;26/09/2018
Detalhamento do produto;;ATT_2568;31/12/9999;26/09/2018
Detalhamento do produto;;ATT_2569;31/12/9999;26/09/2018
Detalhamento do produto;;ATT_2570;31/12/9999;26/09/2018
Detalhamento do produto;;ATT_2571;31/12/9999;26/09/2018
Detalhamento do produto;;ATT_2572;31/12/9999;26/09/2018
Detalhamento do produto;;ATT_2573;31/12/9999;26/09/2018
Detalhamento do produto;;ATT_2575;31/12/9999;26/09/2018
Detalhamento do produto;;ATT_2576;31/12/9999;26/09/2018
Detalhamento do produto;;ATT_2577;31/12/9999;26/09/2018
Detalhamento do produto;;ATT_2578;31/12/9999;26/09/2018
Detalhamento do produto;;ATT_2579;31/12/9999;26/09/2018
Detalhamento do produto;;ATT_2580;31/12/9999;26/09/2018
Detalhamento do produto;;ATT_2581;31/12/9999;26/09/2018
Detalhamento do produto;;ATT_2582;31/12/9999;26/09/2018
Detalhamento do produto;;ATT_2583;31/12/9999;26/09/2018
Detalhamento do produto;;ATT_2585;31/12/9999;26/09/2018
Detalhamento do produto;;ATT_2586;31/12/9999;26/09/2018
Detalhamento do produto;;ATT_2587;31/12/9999;26/09/2018
Detalhamento do produto;;ATT_2588;31/12/9999;26/09/2018
Detalhamento do produto;;ATT_2589;31/12/9999;26/09/2018
Detalhamento do produto;;ATT_2590;31/12/9999;26/09/2018
Detalhamento do produto;;ATT_2591;31/12/9999;26/09/2018
Detalhamento do produto;;ATT_2592;31/12/9999;26/09/2018
Detalhamento do produto;;ATT_2593;31/12/9999;26/09/2018
Detalhamento do produto;;ATT_2594;31/12/9999;26/09/2018
Detalhamento do produto;;ATT_2595;31/12/9999;26/09/2018
Detalhamento do produto;;ATT_2596;31/12/9999;26/09/2018
Detalhamento do produto;;ATT_2597;31/12/9999;26/09/2018
Detalhamento do produto;;ATT_2598;31/12/9999;26/09/2018
Detalhamento do produto;;ATT_2599;31/12/9999;26/09/2018
Detalhamento do produto;;ATT_2600;31/12/9999;26/09/2018
Detalhamento do produto;;ATT_2601;31/12/9999;26/09/2018
Detalhamento do produto;;ATT_2602;31/12/9999;26/09/2018
Detalhamento do produto;;ATT_2603;31/12/9999;26/09/2018
Detalhamento do produto;;ATT_2604;31/12/9999;26/09/2018
Detalhamento do produto;;ATT_2606;31/12/9999;26/09/2018
Detalhamento do produto;;ATT_2607;31/12/9999;26/09/2018
Detalhamento do produto;;ATT_2608;31/12/9999;26/09/2018
Detalhamento do produto;;ATT_2609;31/12/9999;26/09/2018
Detalhamento do produto;;ATT_2610;31/12/9999;26/09/2018
Detalhamento do produto;;ATT_2611;31/12/9999;26/09/2018
Detalhamento do produto;;ATT_2613;31/12/9999;26/09/2018
Detalhamento do produto;;ATT_2615;31/12/9999;26/09/2018
Detalhamento do produto;;ATT_2616;31/12/9999;26/09/2018
Detalhamento do produto;;ATT_2617;31/12/9999;26/09/2018
Detalhamento do produto;;ATT_2619;31/12/9999;26/09/2018
Detalhamento do produto;;ATT_2620;31/12/9999;26/09/2018
Detalhamento do produto;;ATT_2621;31/12/9999;26/09/2018
Detalhamento do produto;;ATT_2622;31/12/9999;26/09/2018
Detalhamento do produto;;ATT_2623;31/12/9999;26/09/2018
Detalhamento do produto;;ATT_2624;31/12/9999;26/09/2018
Detalhamento do produto;;ATT_2625;31/12/9999;26/09/2018
Detalhamento do produto;;ATT_2626;31/12/9999;26/09/2018
Detalhamento do produto;;ATT_2627;31/12/9999;26/09/2018
Detalhamento do produto;;ATT_2628;31/12/9999;26/09/2018
Detalhamento do produto;;ATT_2629;31/12/9999;26/09/2018
Detalhamento do produto;;ATT_2630;31/12/9999;26/09/2018
Detalhamento do produto;;ATT_2631;31/12/9999;26/09/2018
Detalhamento do produto;;ATT_2632;31/12/9999;26/09/2018
Detalhamento do produto;;ATT_2633;31/12/9999;26/09/2018
Detalhamento do produto;;ATT_2634;31/12/9999;26/09/2018
Detalhamento do produto;;ATT_2635;31/12/9999;26/09/2018
Detalhamento do produto;;ATT_2636;31/12/9999;26/09/2018
Detalhamento do produto;;ATT_2637;31/12/9999;26/09/2018
Detalhamento do produto;;ATT_2638;31/12/9999;26/09/2018
Detalhamento do produto;;ATT_2639;31/12/9999;26/09/2018
Detalhamento do produto;;ATT_2640;31/12/9999;26/09/2018
Detalhamento do produto;;ATT_2641;31/12/9999;26/09/2018
Detalhamento do produto;;ATT_2642;31/12/9999;26/09/2018
Detalhamento do produto;;ATT_2643;31/12/9999;26/09/2018
Detalhamento do produto;;ATT_2644;31/12/9999;26/09/2018
Detalhamento do produto;;ATT_2645;31/12/9999;26/09/2018
Detalhamento do produto;;ATT_2646;31/12/9999;26/09/2018
Detalhamento do produto;;ATT_2647;31/12/9999;26/09/2018
Detalhamento do produto;;ATT_2648;31/12/9999;26/09/2018
Detalhamento do produto;;ATT_2650;31/12/9999;26/09/2018
Detalhamento do produto;;ATT_2651;31/12/9999;26/09/2018
Detalhamento do produto;;ATT_2653;31/12/9999;26/09/2018
Detalhamento do produto;;ATT_2654;31/12/9999;26/09/2018
Detalhamento do produto;;ATT_2655;31/12/9999;26/09/2018
Detalhamento do produto;;ATT_2656;31/12/9999;26/09/2018
Detalhamento do produto;;ATT_2657;31/12/9999;26/09/2018
Detalhamento do produto;;ATT_2658;31/12/9999;26/09/2018
Detalhamento do produto;;ATT_2659;31/12/9999;26/09/2018
Detalhamento do produto;;ATT_2660;31/12/9999;26/09/2018
Detalhamento do produto;;ATT_2661;31/12/9999;26/09/2018
Detalhamento do produto;;ATT_2662;31/12/9999;26/09/2018
Detalhamento do produto;;ATT_2663;31/12/9999;26/09/2018
Detalhamento do produto;;ATT_2664;31/12/9999;26/09/2018
Detalhamento do produto;;ATT_2665;31/12/9999;26/09/2018
Detalhamento do produto;;ATT_2667;31/12/9999;26/09/2018
Detalhamento do produto;;ATT_2668;31/12/9999;26/09/2018
Detalhamento do produto;;ATT_2669;31/12/9999;26/09/2018
Detalhamento do produto;;ATT_2670;31/12/9999;26/09/2018
Detalhamento do produto;;ATT_2671;31/12/9999;26/09/2018
Detalhamento do produto;;ATT_2672;31/12/9999;26/09/2018
Detalhamento do produto;;ATT_2673;31/12/9999;26/09/2018
Detalhamento do produto;;ATT_2674;31/12/9999;26/09/2018
Detalhamento do produto;;ATT_2675;31/12/9999;26/09/2018
Detalhamento do produto;;ATT_2676;31/12/9999;26/09/2018
Detalhamento do produto;;ATT_2677;31/12/9999;26/09/2018
Detalhamento do produto;;ATT_2678;31/12/9999;26/09/2018
Detalhamento do produto;;ATT_2679;31/12/9999;26/09/2018
Detalhamento do Fio;;ATT_2680;31/12/9999;26/09/2018
Destaque LI;;ATT_2681;31/12/9999;26/09/2018
Detalhamento do produto;;ATT_2682;31/12/9999;26/09/2018
Detalhamento do produto;;ATT_2683;31/12/9999;26/09/2018
Grade de pó de alumínio nodular;;ATT_2848;31/12/9999;18/08/2022
Padrão de qualidade;;ATT_2948;31/12/9999;16/02/2019
Embarcado em;;ATT_2949;31/12/9999;16/02/2019
Tipo;;ATT_2950;31/12/9999;16/02/2019
Método de Processamento;;ATT_2951;31/12/9999;16/02/2019
Método de Processamento;;ATT_2952;31/12/9999;16/02/2019
Embalagem final;;ATT_2953;31/12/9999;16/02/2019
Característica Especial;;ATT_2968;31/12/9999;20/02/2019
Outra característica especial;;ATT_2969;31/12/9999;20/02/2019
Número do Registro;;ATT_3009;31/12/9999;26/03/2022
Número do Registro do Produto;;ATT_3035;31/12/9999;02/12/2020
Nome ou marca comercial;;ATT_3252;31/12/9999;17/12/2020
CAS/DCB;;ATT_3313;31/12/9999;06/10/2022
Número da regularização;;ATT_3670;31/12/9999;16/10/2020
Subclasse Cosméticos;;ATT_3672;31/12/9999;16/10/2020
Prazo de validade (em meses);;ATT_3674;31/12/9999;16/10/2020
Estágio de fabricação;;ATT_3675;31/12/9999;16/09/2021
Condições de armazenagem;;ATT_3676;31/12/9999;16/10/2020
Outras condições especiais (se houver);;ATT_3677;31/12/9999;16/10/2020
CNPJ do Titular do Registro;;ATT_3730;31/12/9999;17/12/2020
Part Number;;ATT_3770;31/12/9999;13/07/2021
Número do certificado de conformidade;;ATT_3791;31/12/9999;19/11/2020
Tamanho do Aro (em polegadas);;ATT_3810;31/12/9999;25/11/2020
Nº de furos para fixação (qde);;ATT_3811;31/12/9999;25/11/2020
Tala (em polegadas);;ATT_3814;31/12/9999;25/11/2020
Tipo de roda;;ATT_3819;31/12/9999;25/11/2020
Marca;;ATT_3821;31/12/9999;02/12/2020
Material constituinte predominante;;ATT_3826;31/12/9999;25/11/2020
Ângulo do assento cônico (em grau °);;ATT_3830;31/12/9999;04/12/2020
Distância/Diâmetro da furação (em mm);;ATT_3831;31/12/9999;27/11/2020
Tamanho da furação central (em mm);;ATT_3832;31/12/9999;27/11/2020
Off-set (ET) (em mm);;ATT_3833;31/12/9999;27/11/2020
Tipo de máquina de lavar;;ATT_3834;31/12/9999;28/11/2020
Funcionamento;;ATT_3835;31/12/9999;28/11/2020
Aplicação da máquina de lavar;;ATT_3836;31/12/9999;28/11/2020
Capacidade nominal (kg);;ATT_3837;31/12/9999;28/11/2020
Abertura porta acesso compart roupas;;ATT_3838;31/12/9999;28/11/2020
Tensão (em volt) (1);;ATT_3839;31/12/9999;02/12/2020
Número de fases;;ATT_3841;31/12/9999;27/11/2020
Frequência (em hertz);;ATT_3843;31/12/9999;02/12/2020
Tipo de água;;ATT_3844;31/12/9999;28/11/2020
Consumo energia (faixa de classificação);;ATT_3845;31/12/9999;28/11/2020
Consumo de água total (L/Ciclo);;ATT_3846;31/12/9999;28/11/2020
Ef. Centrifugação (Faixa classificação);;ATT_3847;31/12/9999;28/11/2020
Dimensão Externa - Largura (em mm);;ATT_3849;31/12/9999;30/11/2020
Dimensão externa - Altura (em mm);;ATT_3850;31/12/9999;30/11/2020
Dimensão externa - Profundidade (em mm);;ATT_3851;31/12/9999;30/11/2020
Consumo Energia Água Fria (kWh/ciclo);;ATT_3853;31/12/9999;30/11/2020
Consumo Energia Água Quente (kWh/ciclo);;ATT_3854;31/12/9999;30/11/2020
Tipo de compressores eq. frig.;;ATT_3870;31/12/9999;02/12/2020
Tecnologia compressores eq. frig.;;ATT_3871;31/12/9999;02/12/2020
Velocidade Compressores eq. frig.;;ATT_3872;31/12/9999;02/12/2020
Capacidade de refrigeração (em BTU/h);;ATT_3873;31/12/9999;01/12/2020
Gás / Fluído refrigerante;;ATT_3874;31/12/9999;02/12/2020
Tipo de corrente elétrica;;ATT_3876;31/12/9999;01/12/2020
Classe de isolamento;;ATT_3877;31/12/9999;02/12/2020
Classificação do regime de pressão;;ATT_3881;31/12/9999;02/12/2020
Categoria - tipos de uso do pneu;;ATT_3884;31/12/9999;02/12/2020
Tipo de construção do pneu;;ATT_3885;31/12/9999;02/12/2020
Diâmetro interno / aro (em polegada);;ATT_3887;31/12/9999;02/12/2020
Velocidade máx. uso do pneu;;ATT_3889;31/12/9999;02/12/2020
Tipo de suporte do pneu;;ATT_3892;31/12/9999;02/12/2020
Tipo de Produto;;ATT_3910;31/12/9999;17/12/2020
Ingrediente ativo;;ATT_3911;31/12/9999;16/12/2020
Concentração do ingrediente ativo;;ATT_3912;31/12/9999;16/12/2020
Tipo de formulação;;ATT_3913;31/12/9999;16/12/2020
Material da embalagem;;ATT_3914;31/12/9999;16/12/2020
Unidade;;ATT_3915;31/12/9999;16/12/2020
Nome completo do formulador;;ATT_3917;31/12/9999;17/12/2020
Detalhamento;;ATT_3918;31/12/9999;15/12/2020
Tipo de embalagem;;ATT_3919;31/12/9999;16/12/2020
País de origem (do local de formulação);;ATT_3921;31/12/9999;17/12/2020
Classe de exatidão;;ATT_3971;31/12/9999;14/04/2021
Carga Máxima (kg);;ATT_3972;31/12/9999;14/04/2021
Computador de Preços?;;ATT_3973;31/12/9999;14/04/2021
Modelo de Certificação;;ATT_3975;31/12/9999;15/04/2021
Certificação compulsória?;;ATT_3990;31/12/9999;29/04/2021
Eficiência de lavagem (água fria);;ATT_4010;31/12/9999;19/05/2021
Eficiência lavagem (água quente);;ATT_4011;31/12/9999;19/05/2021
Padrão ref. para ensaio de proficiência?;;ATT_4070;31/12/9999;22/06/2021
Ref. de licenciamento para o  INMETRO;;ATT_4090;31/12/9999;07/07/2021
Modelo (Código comercial);;ATT_4091;31/12/9999;07/07/2021
Modelo (Nome fantasia);;ATT_4092;31/12/9999;07/07/2021
Capacidade de carga;;ATT_4130;31/12/9999;21/07/2021
Largura Nominal da Seção;;ATT_4131;31/12/9999;20/07/2021
Coef. de resistência ao rolamento (RRC);;ATT_4133;31/12/9999;20/07/2021
Aderência em piso molhado (G);;ATT_4134;31/12/9999;20/07/2021
Nível de ruído externo (decibéis);;ATT_4135;31/12/9999;20/07/2021
Código de barras (EAN-13);;ATT_4136;31/12/9999;21/07/2021
Uso exclusivo como estepe?;;ATT_4137;31/12/9999;21/07/2021
Padrão de Medida da Largura do Pneu:;;ATT_4210;31/12/9999;14/08/2021
Índice de carga;;ATT_4230;31/12/9999;14/08/2021
Padrão de medida da cap. de refrigeração;;ATT_4290;31/12/9999;26/08/2021
Cap. de refrigeração em Frigoria/hora;;ATT_4291;31/12/9999;25/08/2021
Altura da seção (em razão da largura %):;;ATT_4310;31/12/9999;27/08/2021
Altura (cm);;ATT_4390;31/12/9999;10/09/2021
Espessura (cm);;ATT_4391;31/12/9999;10/09/2021
Dimensões (cm);;ATT_4410;31/12/9999;11/09/2021
Nr do Registro\lote piloto;;ATT_4550;31/12/9999;16/09/2021
CNPJ detentor de registro;;ATT_4551;31/12/9999;16/09/2021
Tipo de célula solar;;ATT_4590;31/12/9999;24/06/2022
Comprimento (mm);;ATT_4591;31/12/9999;17/09/2021
Largura (mm);;ATT_4592;31/12/9999;17/09/2021
Classificação energética;;ATT_4593;31/12/9999;17/09/2021
Potência (W);;ATT_4611;31/12/9999;17/09/2021
Eficiência energética (%);;ATT_4613;31/12/9999;17/09/2021
Tipo de corrente de alimentação;;ATT_4630;31/12/9999;29/09/2021
Detalhamento;;ATT_4810;31/12/9999;02/12/2021
Detalhamento;;ATT_4811;31/12/9999;02/12/2021
Detalhamento Produtos de Defesa;;ATT_4812;31/12/9999;02/12/2021
Detalhamento do Produto de Defesa;;ATT_4813;31/12/9999;02/12/2021
Especificar outros;;ATT_4830;31/12/9999;13/12/2021
Utilização das gorduras e óleos animais;;ATT_4930;31/12/9999;29/03/2022
Detalhamento do produto;;ATT_4931;31/12/9999;30/03/2022
Destinação do produto;;ATT_4970;31/12/9999;30/03/2022
Detalhamento do produto;;ATT_4971;31/12/9999;30/03/2022
Detalhamento da preparação;;ATT_4972;31/12/9999;30/03/2022
Detalhamento da preparação;;ATT_4973;31/12/9999;30/03/2022
Produtos Lácteos;;ATT_4974;31/12/9999;30/03/2022
Detalhamento do produto;;ATT_4975;31/12/9999;30/03/2022
Detalhamento do Produto Anvisa;;ATT_4976;31/12/9999;30/03/2022
Detalhamento do produto;;ATT_4990;31/12/9999;30/03/2022
Detalhamento da preparação;;ATT_4991;31/12/9999;30/03/2022
Detalhamento da embalagem - ANVISA;;ATT_4992;31/12/9999;30/03/2022
Detalhamento;;ATT_5010;31/12/9999;31/03/2022
Outros (especifique);;ATT_5170;31/12/9999;14/07/2022
Outros (especifique);;ATT_5171;31/12/9999;14/07/2022
Outros (especifique);;ATT_5172;31/12/9999;14/07/2022
Outros (especifique);;ATT_5173;31/12/9999;14/07/2022
Outros (especifique);;ATT_5174;31/12/9999;14/07/2022
Outros (especifique);;ATT_5175;31/12/9999;14/07/2022
Outros (especifique);;ATT_5176;31/12/9999;14/07/2022
Outros (especifique);;ATT_5177;31/12/9999;14/07/2022
Outros (especifique);;ATT_5178;31/12/9999;14/07/2022
Outros (especifique);;ATT_5179;31/12/9999;14/07/2022
Outros (especifique);;ATT_5180;31/12/9999;14/07/2022
Outros (especifique);;ATT_5181;31/12/9999;14/07/2022
Outros (especifique);;ATT_5182;31/12/9999;14/07/2022
Outros (especifique);;ATT_5183;31/12/9999;14/07/2022
Outros (especifique);;ATT_5184;31/12/9999;14/07/2022
Outros (especifique);;ATT_5185;31/12/9999;14/07/2022
Outros (especifique);;ATT_5186;31/12/9999;14/07/2022
Outros (especifique);;ATT_5187;31/12/9999;14/07/2022
Outros (especifique);;ATT_5188;31/12/9999;14/07/2022
Outros (especifique);;ATT_5189;31/12/9999;14/07/2022
Outros (especifique);;ATT_5190;31/12/9999;14/07/2022
Outros (especifique);;ATT_5191;31/12/9999;14/07/2022
Outros (especifique);;ATT_5192;31/12/9999;14/07/2022
Outros (especifique);;ATT_5193;31/12/9999;14/07/2022
Outros (especifique);;ATT_5194;31/12/9999;14/07/2022
Outros (especifique);;ATT_5195;31/12/9999;14/07/2022
Outros (especifique);;ATT_5196;31/12/9999;14/07/2022
Outros (especifique);;ATT_5197;31/12/9999;14/07/2022
Outros (especifique);;ATT_5198;31/12/9999;14/07/2022
Outros (especifique);;ATT_5199;31/12/9999;14/07/2022
Outros (especifique);;ATT_5200;31/12/9999;14/07/2022
Outros (especifique);;ATT_5201;31/12/9999;14/07/2022
Outros (especifique);;ATT_5202;31/12/9999;14/07/2022
Outros (especifique);;ATT_5203;31/12/9999;14/07/2022
Outros (especifique);;ATT_5204;31/12/9999;14/07/2022
Outros (especifique);;ATT_5205;31/12/9999;14/07/2022
Outros (especifique);;ATT_5206;31/12/9999;14/07/2022
Outros (especifique);;ATT_5207;31/12/9999;14/07/2022
Outros (especifique);;ATT_5208;31/12/9999;14/07/2022
Outros (especifique);;ATT_5209;31/12/9999;14/07/2022
Outros (especifique);;ATT_5210;31/12/9999;14/07/2022
Outros (especifique);;ATT_5211;31/12/9999;14/07/2022
Outros (especifique);;ATT_5212;31/12/9999;14/07/2022
Outros (especifique);;ATT_5213;31/12/9999;14/07/2022
Outros (especifique);;ATT_5214;31/12/9999;14/07/2022
Outros (especifique);;ATT_5215;31/12/9999;14/07/2022
Outros (especifique);;ATT_5216;31/12/9999;14/07/2022
Outros (especifique);;ATT_5217;31/12/9999;14/07/2022
Outros (especifique);;ATT_5218;31/12/9999;14/07/2022
Outros (especifique);;ATT_5219;31/12/9999;14/07/2022
Outros (especifique);;ATT_5220;31/12/9999;14/07/2022
Outros (especifique);;ATT_5221;31/12/9999;14/07/2022
Outros (especifique);;ATT_5222;31/12/9999;14/07/2022
Outros (especifique);;ATT_5223;31/12/9999;14/07/2022
Outros (especifique);;ATT_5224;31/12/9999;14/07/2022
Outros (especifique);;ATT_5225;31/12/9999;14/07/2022
Outros (especifique);;ATT_5226;31/12/9999;14/07/2022
Outros (especifique);;ATT_5227;31/12/9999;14/07/2022
Outros (especifique);;ATT_5228;31/12/9999;14/07/2022
Outros (especifique);;ATT_5229;31/12/9999;14/07/2022
Outros (especifique);;ATT_5230;31/12/9999;14/07/2022
Outros (especifique);;ATT_5231;31/12/9999;14/07/2022
Outros (especifique);;ATT_5232;31/12/9999;14/07/2022
Outros (especifique);;ATT_5234;31/12/9999;14/07/2022
Outros (especifique);;ATT_5235;31/12/9999;14/07/2022
Outros (especifique);;ATT_5237;31/12/9999;14/07/2022
Outros (especifique);;ATT_5238;31/12/9999;14/07/2022
Outros (especifique);;ATT_5239;31/12/9999;14/07/2022
Outros (especifique);;ATT_5240;31/12/9999;14/07/2022
Outros (especifique);;ATT_5241;31/12/9999;14/07/2022
Obtido na extração de gás natural?;;ATT_5242;31/12/9999;14/07/2022
Teor de carbono (%);;ATT_5245;31/12/9999;14/07/2022
Teor de cinzas (%);;ATT_5246;31/12/9999;14/07/2022
Teor de ferro;;ATT_5247;31/12/9999;14/07/2022
Teor de ferro?;;ATT_5248;31/12/9999;14/07/2022
Teor de gordura;;ATT_5249;31/12/9999;14/07/2022
Teor de nitrogênio não superior a 33%?;;ATT_5250;31/12/9999;14/07/2022
Teor de pureza (%);;ATT_5251;31/12/9999;14/07/2022
Terras não calcinadas ou não cozidas?;;ATT_5252;31/12/9999;14/07/2022
Terras siliciosas não calcinadas?;;ATT_5253;31/12/9999;14/07/2022
Tipo;;ATT_5254;31/12/9999;14/07/2022
Tipo;;ATT_5255;31/12/9999;14/07/2022
Tipo da folha;;ATT_5256;31/12/9999;14/07/2022
Tipo de acetato;;ATT_5257;31/12/9999;14/07/2022
Tipo de ácido;;ATT_5258;31/12/9999;14/07/2022
Tipo de ácido;;ATT_5259;31/12/9999;14/07/2022
Tipo de ácido inorgânico;;ATT_5260;31/12/9999;14/07/2022
Tipo de aminoácido;;ATT_5261;31/12/9999;14/07/2022
Tipo de bebida;;ATT_5263;31/12/9999;14/07/2022
Tipo de cabelo;;ATT_5264;31/12/9999;14/07/2022
Tipo de carbonato;;ATT_5265;31/12/9999;14/07/2022
Tipo de cetona;;ATT_5266;31/12/9999;14/07/2022
Tipo de cloreto;;ATT_5267;31/12/9999;14/07/2022
Tipo de composto;;ATT_5268;31/12/9999;14/07/2022
Tipo de composto;;ATT_5269;31/12/9999;14/07/2022
Tipo de composto;;ATT_5270;31/12/9999;14/07/2022
Tipo de composto;;ATT_5271;31/12/9999;14/07/2022
Tipo de composto;;ATT_5272;31/12/9999;14/07/2022
Tipo de Construção;;ATT_5273;31/12/9999;14/07/2022
Tipo de Construção;;ATT_5274;31/12/9999;14/07/2022
Tipo de Construção;;ATT_5275;31/12/9999;14/07/2022
Tipo de corante;;ATT_5276;31/12/9999;14/07/2022
Tipo de correia;;ATT_5277;31/12/9999;14/07/2022
Tipo de hidrocarboneto;;ATT_5278;31/12/9999;14/07/2022
Tipo de impressão;;ATT_5279;31/12/9999;14/07/2022
Tipo de iodo;;ATT_5280;31/12/9999;14/07/2022
Tipo de melaço;;ATT_5281;31/12/9999;14/07/2022
Tipo de metal alcalino/alcalino-terroso;;ATT_5282;31/12/9999;14/07/2022
Tipo de munição;;ATT_5283;31/12/9999;14/07/2022
Tipo de óleo essencial;;ATT_5284;31/12/9999;14/07/2022
Tipo de óleo ou preparação;;ATT_5285;31/12/9999;14/07/2022
Tipo de papel;;ATT_5286;31/12/9999;14/07/2022
Tipo de papel ou cartão;;ATT_5287;31/12/9999;14/07/2022
Tipo de papel ou cartão;;ATT_5288;31/12/9999;14/07/2022
Tipo de preparação;;ATT_5289;31/12/9999;14/07/2022
Tipo de preparação;;ATT_5290;31/12/9999;14/07/2022
Tipo de produto;;ATT_5291;31/12/9999;14/07/2022
Tipo de produto;;ATT_5292;31/12/9999;14/07/2022
Tipo de produto;;ATT_5293;31/12/9999;14/07/2022
Tipo de produto;;ATT_5294;31/12/9999;14/07/2022
Tipo de produto;;ATT_5295;31/12/9999;14/07/2022
Tipo de produto;;ATT_5296;31/12/9999;14/07/2022
Tipo de produto;;ATT_5297;31/12/9999;14/07/2022
Tipo de produto;;ATT_5298;31/12/9999;14/07/2022
Tipo de produto;;ATT_5299;31/12/9999;14/07/2022
Tipo de produto;;ATT_5300;31/12/9999;14/07/2022
Tipo de produto;;ATT_5301;31/12/9999;14/07/2022
Tipo de produto;;ATT_5302;31/12/9999;14/07/2022
Tipo de produto;;ATT_5303;31/12/9999;14/07/2022
Tipo de produto químico explosivo;;ATT_5304;31/12/9999;14/07/2022
Tipo de reforço;;ATT_5305;31/12/9999;14/07/2022
Tipo de resina;;ATT_5306;31/12/9999;14/07/2022
Tipo de revestimento;;ATT_5307;31/12/9999;14/07/2022
Tipo de revestimento;;ATT_5308;31/12/9999;14/07/2022
Tipo de sulfito;;ATT_5309;31/12/9999;14/07/2022
Tipo de uva;;ATT_5310;31/12/9999;14/07/2022
Tipo de vermute;;ATT_5311;31/12/9999;14/07/2022
Tipo de vinho;;ATT_5312;31/12/9999;14/07/2022
Tipo do impresso;;ATT_5313;31/12/9999;14/07/2022
Tipo do produto;;ATT_5314;31/12/9999;14/07/2022
Tipo do produto;;ATT_5315;31/12/9999;14/07/2022
Tipo do produto;;ATT_5316;31/12/9999;14/07/2022
Tipo do produto;;ATT_5317;31/12/9999;14/07/2022
Tipo;;ATT_5318;31/12/9999;14/07/2022
Tipo;;ATT_5319;31/12/9999;14/07/2022
Tipo;;ATT_5320;31/12/9999;14/07/2022
Tipo;;ATT_5321;31/12/9999;14/07/2022
Titular do registro;;ATT_5322;31/12/9999;14/07/2022
Tonalidade;;ATT_5323;31/12/9999;14/07/2022
Tratamento;;ATT_5324;31/12/9999;14/07/2022
Tratamento;;ATT_5325;31/12/9999;14/07/2022
Tratamento químico;;ATT_5326;31/12/9999;14/07/2022
Unidade de medida - comprimento (cm/pol);;ATT_5327;31/12/9999;14/07/2022
Uso;;ATT_5328;31/12/9999;14/07/2022
Uso;;ATT_5329;31/12/9999;14/07/2022
Uso;;ATT_5330;31/12/9999;14/07/2022
Uso;;ATT_5332;31/12/9999;14/07/2022
Uso aeronáutico?;;ATT_5333;31/12/9999;27/10/2022
Capacidade do recipiente (l);;ATT_5334;31/12/9999;14/07/2022
Produto com carga?;;ATT_5335;31/12/9999;14/07/2022
Casa produtora;;ATT_5337;31/12/9999;14/07/2022
Amendoim com casca?;;ATT_5338;31/12/9999;14/07/2022
Categoria de alimento;;ATT_5339;31/12/9999;14/07/2022
Categoria do pneu;;ATT_5340;31/12/9999;14/07/2022
Categoria regulatória;;ATT_5341;31/12/9999;14/07/2022
Cera para qualquer tipo de piso?;;ATT_5342;31/12/9999;14/07/2022
Certificação ambiental;;ATT_5343;31/12/9999;14/07/2022
Certificação compulsória?;;ATT_5344;31/12/9999;14/07/2022
Certificação Compulsória?;;ATT_5345;31/12/9999;14/07/2022
Certificação Compulsória?;;ATT_5346;31/12/9999;14/07/2022
Certificado de composição garantida (%);;ATT_5347;31/12/9999;14/07/2022
Champanhe?;;ATT_5348;31/12/9999;14/07/2022
Circunferência externa (cm);;ATT_5349;31/12/9999;14/07/2022
Classe de produto biológico;;ATT_5350;31/12/9999;14/07/2022
Classe de uso;;ATT_5351;31/12/9999;14/07/2022
Código ATC;;ATT_5352;31/12/9999;14/07/2022
Coeficiente de resistência ao rolamento;;ATT_5353;31/12/9999;14/07/2022
Coeficiente de resistência ao rolamento;;ATT_5354;31/12/9999;14/07/2022
Cola de uso escolar?;;ATT_5355;31/12/9999;14/07/2022
Coloração;;ATT_5356;31/12/9999;14/07/2022
Coloração;;ATT_5357;31/12/9999;14/07/2022
Com aditivo?;;ATT_5358;31/12/9999;14/07/2022
Com carga?;;ATT_5359;31/12/9999;14/07/2022
Com edulcorante?;;ATT_5360;31/12/9999;14/07/2022
Com fibras de vidro?;;ATT_5361;31/12/9999;14/07/2022
Comonômero;;ATT_5362;31/12/9999;14/07/2022
Composição;;ATT_5363;31/12/9999;14/07/2022
Composição;;ATT_5364;31/12/9999;14/07/2022
Composição;;ATT_5365;31/12/9999;14/07/2022
Composição;;ATT_5366;31/12/9999;14/07/2022
Composição;;ATT_5367;31/12/9999;14/07/2022
Composição;;ATT_5369;31/12/9999;14/07/2022
Composição;;ATT_5370;31/12/9999;14/07/2022
Composição;;ATT_5371;31/12/9999;14/07/2022
Composição;;ATT_5372;31/12/9999;14/07/2022
Composição (%);;ATT_5373;31/12/9999;14/07/2022
Composição;;ATT_5374;31/12/9999;14/07/2022
Composição;;ATT_5375;31/12/9999;14/07/2022
Composição do produto;;ATT_5376;31/12/9999;14/07/2022
Composição e proporção (%);;ATT_5378;31/12/9999;14/07/2022
Composição;;ATT_5379;31/12/9999;14/07/2022
Compostos da tabela 1 da OPAQ;;ATT_5380;31/12/9999;14/07/2022
Compostos da tabela 1 da OPAQ;;ATT_5381;31/12/9999;14/07/2022
Compostos da tabela 1 da OPAQ;;ATT_5382;31/12/9999;14/07/2022
Compostos da tabela 1 da OPAQ;;ATT_5383;31/12/9999;14/07/2022
Processo de Transformação;;ATT_5384;31/12/9999;14/07/2022
Processo;;ATT_5385;31/12/9999;14/07/2022
Produto agrotóxico?;;ATT_5386;31/12/9999;14/07/2022
Produto encapsulado?;;ATT_5387;31/12/9999;14/07/2022
Produto Explosivo?;;ATT_5388;31/12/9999;14/07/2022
Produto Inteiro e sob secagem natural?;;ATT_5389;31/12/9999;14/07/2022
Produto para elaboração de bebida?;;ATT_5390;31/12/9999;14/07/2022
Produto Preservativo de Madeira?;;ATT_5391;31/12/9999;14/07/2022
Produto sensibilizado?;;ATT_5392;31/12/9999;14/07/2022
Produto torrado?;;ATT_5393;31/12/9999;14/07/2022
Quimicamente modificado?;;ATT_5395;31/12/9999;14/07/2022
Raça;;ATT_5396;31/12/9999;14/07/2022
Reciclada?;;ATT_5397;31/12/9999;14/07/2022
Recoberto com silicone?;;ATT_5398;31/12/9999;14/07/2022
Refinado?;;ATT_5399;31/12/9999;14/07/2022
Refinado?;;ATT_5400;31/12/9999;14/07/2022
Reforço;;ATT_5401;31/12/9999;14/07/2022
Correia com reforço?;;ATT_5402;31/12/9999;14/07/2022
Reforço;;ATT_5403;31/12/9999;14/07/2022
Registro do produto no IBAMA;;ATT_5404;31/12/9999;14/07/2022
Registro na ANP?;;ATT_5405;31/12/9999;14/07/2022
Regulamento Técnico do Produto;;ATT_5406;31/12/9999;14/07/2022
Remediador ambiental?;;ATT_5407;31/12/9999;14/07/2022
Restrição de idade;;ATT_5408;31/12/9999;14/07/2022
Restrição de uso;;ATT_5409;31/12/9999;14/07/2022
Revestimento de caulim?;;ATT_5410;31/12/9999;14/07/2022
Revestido em uma ou nas duas faces?;;ATT_5411;31/12/9999;14/07/2022
Revestimento;;ATT_5412;31/12/9999;14/07/2022
Rolha;;ATT_5413;31/12/9999;14/07/2022
Sacarose pura?;;ATT_5414;31/12/9999;14/07/2022
Sal a granel para alimentação animal?;;ATT_5415;31/12/9999;14/07/2022
Sangue Animal?;;ATT_5416;31/12/9999;14/07/2022
Sardinhas para pesca com espinhel?;;ATT_5417;31/12/9999;14/07/2022
Seção;;ATT_5418;31/12/9999;14/07/2022
Seção trapezoidal?;;ATT_5419;31/12/9999;14/07/2022
Selabilidade;;ATT_5420;31/12/9999;14/07/2022
Selo postal, fiscal ou semelhante?;;ATT_5421;31/12/9999;14/07/2022
Semente de Origem;;ATT_5422;31/12/9999;14/07/2022
Sensibilizado nas duas faces?;;ATT_5423;31/12/9999;14/07/2022
Sólidos por volume (%);;ATT_5424;31/12/9999;14/07/2022
Solvente;;ATT_5425;31/12/9999;14/07/2022
Sortido?;;ATT_5426;31/12/9999;14/07/2022
Subclasse de produto;;ATT_5427;31/12/9999;14/07/2022
Sublimado;;ATT_5428;31/12/9999;14/07/2022
Substância de efeito luminoso;;ATT_5429;31/12/9999;14/07/2022
Substâncias constitutivas;;ATT_5430;31/12/9999;14/07/2022
Substâncias constitutivas;;ATT_5431;31/12/9999;14/07/2022
Substâncias constitutivas;;ATT_5432;31/12/9999;14/07/2022
Substâncias constitutivas;;ATT_5433;31/12/9999;14/07/2022
Suco de aloe vera, noni ou derivados?;;ATT_5434;31/12/9999;14/07/2022
Suporte (requer câmara de ar);;ATT_5435;31/12/9999;14/07/2022
Suporte (requer câmara de ar);;ATT_5436;31/12/9999;14/07/2022
Suporte (requer câmara de ar);;ATT_5437;31/12/9999;14/07/2022
Tecnologia;;ATT_5438;31/12/9999;14/07/2022
Temperatura de conservação (°C);;ATT_5439;31/12/9999;14/07/2022
Outros (especifique);;ATT_5440;31/12/9999;14/07/2022
Outros (especifique);;ATT_5441;31/12/9999;14/07/2022
Outros (especifique);;ATT_5442;31/12/9999;14/07/2022
Outros (especifique);;ATT_5443;31/12/9999;14/07/2022
Outros (especifique);;ATT_5444;31/12/9999;14/07/2022
Outros (especifique);;ATT_5445;31/12/9999;14/07/2022
Outros (especifique);;ATT_5446;31/12/9999;14/07/2022
Outros (especifique);;ATT_5447;31/12/9999;14/07/2022
Outros (especifique);;ATT_5448;31/12/9999;14/07/2022
Outros (especifique);;ATT_5449;31/12/9999;14/07/2022
Outros (especifique);;ATT_5450;31/12/9999;14/07/2022
Outros (especifique);;ATT_5451;31/12/9999;14/07/2022
Outros (especifique);;ATT_5452;31/12/9999;14/07/2022
Outros (especifique);;ATT_5453;31/12/9999;14/07/2022
Outros (especifique);;ATT_5454;31/12/9999;14/07/2022
Outros (especifique);;ATT_5455;31/12/9999;14/07/2022
Outros (especifique);;ATT_5456;31/12/9999;14/07/2022
Outros (especifique);;ATT_5457;31/12/9999;14/07/2022
Outros (especifique);;ATT_5458;31/12/9999;14/07/2022
Outros (especifique);;ATT_5459;31/12/9999;14/07/2022
Outros (especifique);;ATT_5460;31/12/9999;14/07/2022
Outros (especifique);;ATT_5461;31/12/9999;14/07/2022
Outros (especifique);;ATT_5462;31/12/9999;14/07/2022
Outros (especifique);;ATT_5464;31/12/9999;14/07/2022
Outros (especifique);;ATT_5465;31/12/9999;14/07/2022
Outros (especifique);;ATT_5466;31/12/9999;14/07/2022
Outros (especifique);;ATT_5470;31/12/9999;14/07/2022
Outros (especifique);;ATT_5471;31/12/9999;14/07/2022
Outros (especifique);;ATT_5472;31/12/9999;14/07/2022
Outros (especifique);;ATT_5473;31/12/9999;14/07/2022
Outros (especifique);;ATT_5474;31/12/9999;14/07/2022
Outros (especifique);;ATT_5475;31/12/9999;14/07/2022
Outros (especifique);;ATT_5476;31/12/9999;14/07/2022
Outros (especifique);;ATT_5477;31/12/9999;14/07/2022
Outros (especifique);;ATT_5478;31/12/9999;14/07/2022
Outros (especifique);;ATT_5479;31/12/9999;14/07/2022
Outros (especifique);;ATT_5480;31/12/9999;14/07/2022
Outros (especifique);;ATT_5481;31/12/9999;14/07/2022
Outros (especifique);;ATT_5482;31/12/9999;14/07/2022
Outros (especifique);;ATT_5483;31/12/9999;14/07/2022
Outros (especifique);;ATT_5484;31/12/9999;14/07/2022
Outros (especifique);;ATT_5485;31/12/9999;14/07/2022
Outros (especifique);;ATT_5486;31/12/9999;14/07/2022
Outros (especifique);;ATT_5487;31/12/9999;14/07/2022
Outros (especifique);;ATT_5488;31/12/9999;14/07/2022
Outros (especifique);;ATT_5489;31/12/9999;14/07/2022
Outros (especifique);;ATT_5490;31/12/9999;14/07/2022
Outros (especifique);;ATT_5491;31/12/9999;14/07/2022
Outros (especifique);;ATT_5492;31/12/9999;14/07/2022
Outros (especifique);;ATT_5493;31/12/9999;14/07/2022
Outros (especifique);;ATT_5494;31/12/9999;14/07/2022
Outros (especifique);;ATT_5495;31/12/9999;14/07/2022
Outros (especifique);;ATT_5496;31/12/9999;14/07/2022
Outros (especifique);;ATT_5497;31/12/9999;14/07/2022
Outros (especifique);;ATT_5498;31/12/9999;14/07/2022
Outros (especifique);;ATT_5499;31/12/9999;14/07/2022
Outros (especifique);;ATT_5500;31/12/9999;14/07/2022
Outros (especifique);;ATT_5501;31/12/9999;14/07/2022
Outros (especifique);;ATT_5502;31/12/9999;14/07/2022
Outros (especifique);;ATT_5503;31/12/9999;14/07/2022
Outros (especifique);;ATT_5504;31/12/9999;14/07/2022
Outros (especifique);;ATT_5505;31/12/9999;14/07/2022
Outros (especifique);;ATT_5506;31/12/9999;14/07/2022
Outros (especifique);;ATT_5507;31/12/9999;14/07/2022
Outros (especifique);;ATT_5508;31/12/9999;14/07/2022
Outros (especifique);;ATT_5509;31/12/9999;14/07/2022
Outros (especifique);;ATT_5510;31/12/9999;14/07/2022
Outros (especifique);;ATT_5511;31/12/9999;14/07/2022
Outros (especifique);;ATT_5512;31/12/9999;14/07/2022
Outros (especifique);;ATT_5513;31/12/9999;14/07/2022
Outros (especifique);;ATT_5514;31/12/9999;14/07/2022
Outros (especifique);;ATT_5515;31/12/9999;14/07/2022
Outros (especifique);;ATT_5516;31/12/9999;14/07/2022
Outros (especifique);;ATT_5518;31/12/9999;14/07/2022
Outros (especifique);;ATT_5519;31/12/9999;14/07/2022
Outros (especifique);;ATT_5520;31/12/9999;14/07/2022
Outros (especifique);;ATT_5521;31/12/9999;14/07/2022
Outros (especifique);;ATT_5522;31/12/9999;14/07/2022
Outros (especifique);;ATT_5523;31/12/9999;14/07/2022
Outros (especifique);;ATT_5524;31/12/9999;14/07/2022
Outros (especifique);;ATT_5525;31/12/9999;14/07/2022
Outros (especifique);;ATT_5526;31/12/9999;14/07/2022
Outros (especifique);;ATT_5527;31/12/9999;14/07/2022
Outros (especifique);;ATT_5528;31/12/9999;14/07/2022
Outros (especifique);;ATT_5529;31/12/9999;14/07/2022
Outros (especifique);;ATT_5530;31/12/9999;14/07/2022
Outros (especifique);;ATT_5531;31/12/9999;14/07/2022
Outros (especifique);;ATT_5532;31/12/9999;14/07/2022
Outros (especifique);;ATT_5533;31/12/9999;14/07/2022
Outros (especifique);;ATT_5534;31/12/9999;14/07/2022
Outros (especifique);;ATT_5536;31/12/9999;14/07/2022
Outros (especifique);;ATT_5537;31/12/9999;14/07/2022
Outros (especifique);;ATT_5538;31/12/9999;14/07/2022
Outros (especifique);;ATT_5539;31/12/9999;14/07/2022
Outros (especifique);;ATT_5540;31/12/9999;14/07/2022
Fórmula química;;ATT_5541;31/12/9999;14/07/2022
Fórmula química;;ATT_5542;31/12/9999;14/07/2022
Fórmula química;;ATT_5543;31/12/9999;14/07/2022
Fórmula química;;ATT_5544;31/12/9999;14/07/2022
Fórmula química;;ATT_5545;31/12/9999;14/07/2022
Fórmula química;;ATT_5546;31/12/9999;14/07/2022
Fórmula química;;ATT_5547;31/12/9999;14/07/2022
Fórmula química;;ATT_5548;31/12/9999;14/07/2022
Fotografia a cores?;;ATT_5549;31/12/9999;14/07/2022
Fotossensível?;;ATT_5550;31/12/9999;14/07/2022
Frescos ou secos naturalmente?;;ATT_5551;31/12/9999;14/07/2022
Fruto de origem;;ATT_5552;31/12/9999;14/07/2022
Função;;ATT_5553;31/12/9999;14/07/2022
Gramatura (g/m²);;ATT_5554;31/12/9999;14/07/2022
Grau Brix;;ATT_5555;31/12/9999;14/07/2022
Grau de pureza;;ATT_5556;31/12/9999;14/07/2022
Grau de risco;;ATT_5557;31/12/9999;14/07/2022
Grau/Concentração;;ATT_5558;31/12/9999;14/07/2022
Grau/Concentração;;ATT_5559;31/12/9999;14/07/2022
Cadastro do IFA - Anvisa;;ATT_5560;31/12/9999;14/07/2022
Imagem do resultado analítico;;ATT_5561;31/12/9999;14/07/2022
Impressão;;ATT_5562;31/12/9999;14/07/2022
Índice de carga;;ATT_5563;31/12/9999;14/07/2022
Índice de carga;;ATT_5564;31/12/9999;14/07/2022
Índice de durabilidade;;ATT_5565;31/12/9999;14/07/2022
Índice de temperatura;;ATT_5566;31/12/9999;14/07/2022
Índice de tração;;ATT_5567;31/12/9999;14/07/2022
Ingredientes hortículas;;ATT_5568;31/12/9999;14/07/2022
Insumo farmacêutico ativo?;;ATT_5569;31/12/9999;14/07/2022
Isca para pesca com espinhel?;;ATT_5570;31/12/9999;14/07/2022
Item;;ATT_5571;31/12/9999;14/07/2022
Item;;ATT_5572;31/12/9999;14/07/2022
Item;;ATT_5573;31/12/9999;14/07/2022
Item;;ATT_5574;31/12/9999;14/07/2022
Item;;ATT_5575;31/12/9999;14/07/2022
Item;;ATT_5576;31/12/9999;14/07/2022
Item;;ATT_5577;31/12/9999;14/07/2022
Item;;ATT_5578;31/12/9999;14/07/2022
Largura (cm);;ATT_5579;31/12/9999;14/07/2022
Largura;;ATT_5580;31/12/9999;14/07/2022
Largura;;ATT_5581;31/12/9999;14/07/2022
"Largura ("")";;ATT_5582;31/12/9999;14/07/2022
"Largura ("")";;ATT_5583;31/12/9999;14/07/2022
"Largura ("")";;ATT_5584;31/12/9999;14/07/2022
"Largura ("")";;ATT_5585;31/12/9999;14/07/2022
Largura (mm);;ATT_5586;31/12/9999;14/07/2022
Largura (mm);;ATT_5587;31/12/9999;14/07/2022
Largura (mm);;ATT_5588;31/12/9999;14/07/2022
Largura (mm);;ATT_5589;31/12/9999;14/07/2022
Largura;;ATT_5590;31/12/9999;14/07/2022
Largura;;ATT_5591;31/12/9999;14/07/2022
Largura da banda de rodagem;;ATT_5592;31/12/9999;14/07/2022
Largura da chapa ou folha (mm);;ATT_5593;31/12/9999;14/07/2022
Lista da Portaria SVS/MS nº 344/1998;;ATT_5594;31/12/9999;14/07/2022
Listada em Conv. Internacional?;;ATT_5595;31/12/9999;14/07/2022
Luvas, mitenes ou semelhantes?;;ATT_5596;31/12/9999;14/07/2022
Mamadeira?;;ATT_5597;31/12/9999;14/07/2022
Marca;;ATT_5598;31/12/9999;14/07/2022
Marca;;ATT_5599;31/12/9999;14/07/2022
Material constitutivo principal;;ATT_5600;31/12/9999;14/07/2022
Matéria de suporte;;ATT_5601;31/12/9999;14/07/2022
Material constitutivo;;ATT_5602;31/12/9999;14/07/2022
Material constitutivo principal;;ATT_5603;31/12/9999;14/07/2022
Material constitutivo principal;;ATT_5604;31/12/9999;14/07/2022
Material da superfície;;ATT_5605;31/12/9999;14/07/2022
Material de reforço;;ATT_5606;31/12/9999;14/07/2022
Matéria-prima;;ATT_5607;31/12/9999;14/07/2022
Matéria-prima;;ATT_5608;31/12/9999;14/07/2022
Matéria-prima da haste;;ATT_5609;31/12/9999;14/07/2022
Matéria-prima;;ATT_5610;31/12/9999;14/07/2022
Matéria-prima;;ATT_5611;31/12/9999;14/07/2022
Matéria-prima preponderante;;ATT_5612;31/12/9999;14/07/2022
Matéria-prima vegetal preponderante;;ATT_5613;31/12/9999;14/07/2022
Matérias constitutivas artificiais?;;ATT_5614;31/12/9999;14/07/2022
Medida;;ATT_5615;31/12/9999;14/07/2022
Método de esterilização;;ATT_5616;31/12/9999;14/07/2022
Método de secagem;;ATT_5617;31/12/9999;14/07/2022
Modelo;;ATT_5618;31/12/9999;14/07/2022
Modo de Aplicação;;ATT_5619;31/12/9999;14/07/2022
Modo de apresentação;;ATT_5620;31/12/9999;14/07/2022
Modo de conservação;;ATT_5621;31/12/9999;14/07/2022
Número DCB;;ATT_5622;31/12/9999;14/07/2022
Munição,explosivo e produto pirotécnico;;ATT_5623;31/12/9999;14/07/2022
Nível de ruído externo;;ATT_5624;31/12/9999;14/07/2022
Nome comercial;;ATT_5625;31/12/9999;14/07/2022
Nome comercial;;ATT_5626;31/12/9999;14/07/2022
Nome comum;;ATT_5627;31/12/9999;14/07/2022
Nome comum;;ATT_5628;31/12/9999;14/07/2022
Nome comum;;ATT_5629;31/12/9999;14/07/2022
Nome comum;;ATT_5630;31/12/9999;14/07/2022
Nome comum;;ATT_5631;31/12/9999;14/07/2022
Nome comum;;ATT_5632;31/12/9999;14/07/2022
Nome comum;;ATT_5633;31/12/9999;14/07/2022
Nome comum;;ATT_5634;31/12/9999;14/07/2022
Nome comum;;ATT_5635;31/12/9999;14/07/2022
Nome comum;;ATT_5636;31/12/9999;14/07/2022
Nome comum;;ATT_5637;31/12/9999;14/07/2022
Nome comum;;ATT_5638;31/12/9999;14/07/2022
Nome comum;;ATT_5639;31/12/9999;14/07/2022
Nome comum;;ATT_5640;31/12/9999;14/07/2022
Nome comum;;ATT_5641;31/12/9999;14/07/2022
Nome comum;;ATT_5642;31/12/9999;14/07/2022
Nome comum;;ATT_5643;31/12/9999;14/07/2022
Nome comum;;ATT_5644;31/12/9999;14/07/2022
Nome comum;;ATT_5645;31/12/9999;14/07/2022
Nome do colour index;;ATT_5646;31/12/9999;14/07/2022
Nome do periódico;;ATT_5647;31/12/9999;14/07/2022
Nome do vinho;;ATT_5648;31/12/9999;14/07/2022
Nome do(s) fabricante(s) do(s) IFA;;ATT_5649;31/12/9999;14/07/2022
Número CAS;;ATT_5650;31/12/9999;14/07/2022
Número CAS;;ATT_5651;31/12/9999;14/07/2022
Número de camadas de revestimento;;ATT_5653;31/12/9999;14/07/2022
Número de registro do medicamento;;ATT_5654;31/12/9999;14/07/2022
Número do certificado;;ATT_5655;31/12/9999;14/07/2022
Número do certificado;;ATT_5656;31/12/9999;14/07/2022
Número do certificado;;ATT_5657;31/12/9999;14/07/2022
Número do colour index;;ATT_5658;31/12/9999;14/07/2022
Número do registro;;ATT_5661;31/12/9999;14/07/2022
O couro é dividido?;;ATT_5662;31/12/9999;14/07/2022
O couro é reconstituído?;;ATT_5663;31/12/9999;14/07/2022
Óleo vegetal de origem;;ATT_5665;31/12/9999;14/07/2022
Óleos obtidos do bagaço de azeitonas?;;ATT_5666;31/12/9999;14/07/2022
Origem animal?;;ATT_5667;31/12/9999;14/07/2022
Origem de animais silvestres?;;ATT_5668;31/12/9999;14/07/2022
Origem do produto;;ATT_5669;31/12/9999;14/07/2022
Origem vegetal;;ATT_5670;31/12/9999;14/07/2022
Padrão de medida da largura do pneu;;ATT_5671;31/12/9999;14/07/2022
Padrão de medida da largura do pneu;;ATT_5672;31/12/9999;14/07/2022
Padrão de medida da largura do pneu;;ATT_5673;31/12/9999;14/07/2022
Para biodiesel?;;ATT_5674;31/12/9999;14/07/2022
Para conservas sob inspeção SIF?;;ATT_5675;31/12/9999;14/07/2022
Para conservas sob inspeção SIF?;;ATT_5676;31/12/9999;14/07/2022
Para diagnóstico de doenças de animais?;;ATT_5677;31/12/9999;14/07/2022
Para elaboração de bebidas?;;ATT_5678;31/12/9999;14/07/2022
Para fabricação de bebidas?;;ATT_5679;31/12/9999;14/07/2022
Para semeadura?;;ATT_5680;31/12/9999;14/07/2022
Para uso em cirurgia?;;ATT_5681;31/12/9999;14/07/2022
Para uso na alimentação animal?;;ATT_5682;31/12/9999;14/07/2022
Partes do animal;;ATT_5683;31/12/9999;14/07/2022
Percentual obtido por processo mecânico;;ATT_5684;31/12/9999;14/07/2022
Perfil;;ATT_5685;31/12/9999;14/07/2022
Perfil do pneu;;ATT_5686;31/12/9999;14/07/2022
Perfil do pneu;;ATT_5687;31/12/9999;14/07/2022
Perfil do pneu;;ATT_5688;31/12/9999;14/07/2022
Perfil do pneu;;ATT_5689;31/12/9999;14/07/2022
Periodicidade;;ATT_5690;31/12/9999;14/07/2022
Peso;;ATT_5691;31/12/9999;14/07/2022
Peso/Par (g);;ATT_5693;31/12/9999;14/07/2022
Planta de origem;;ATT_5694;31/12/9999;14/07/2022
Poliamida 6 ou 6.6?;;ATT_5695;31/12/9999;14/07/2022
Com carga?;;ATT_5696;31/12/9999;14/07/2022
Ponto de Gota;;ATT_5697;31/12/9999;14/07/2022
Possui cores diversas?;;ATT_5698;31/12/9999;14/07/2022
Prazo de validade;;ATT_5700;31/12/9999;14/07/2022
Preparado líquido para chá?;;ATT_5701;31/12/9999;14/07/2022
Pressão de ruptura;;ATT_5702;31/12/9999;14/07/2022
Pressão Máxima;;ATT_5703;31/12/9999;14/07/2022
Processamento;;ATT_5705;31/12/9999;14/07/2022
Processo de fabricação;;ATT_5706;31/12/9999;14/07/2022
Processo de fabricação;;ATT_5707;31/12/9999;14/07/2022
Processo de obtenção;;ATT_5708;31/12/9999;14/07/2022
Processo de Transformação;;ATT_5709;31/12/9999;14/07/2022
Processo de Transformação;;ATT_5710;31/12/9999;14/07/2022
Acabamento externo;;ATT_5711;31/12/9999;14/07/2022
Acessórios;;ATT_5712;31/12/9999;15/07/2022
Ácidos graxos?;;ATT_5713;31/12/9999;14/07/2022
Acondicionamento (embalagem primária);;ATT_5715;31/12/9999;14/07/2022
Acondicionamento;;ATT_5716;31/12/9999;14/07/2022
Acondicionamento;;ATT_5721;31/12/9999;14/07/2022
Acondicionamento;;ATT_5723;31/12/9999;14/07/2022
Acondicionamento;;ATT_5733;31/12/9999;14/07/2022
Aderência em piso molhado (G);;ATT_5734;31/12/9999;14/07/2022
Adesivo com aspecto lúdico para criança?;;ATT_5735;31/12/9999;14/07/2022
Adesivos para crianças?;;ATT_5736;31/12/9999;14/07/2022
Agentes orgânicos de superfície?;;ATT_5737;31/12/9999;14/07/2022
Altura (cm);;ATT_5738;31/12/9999;14/07/2022
Produto alveolar?;;ATT_5739;31/12/9999;14/07/2022
Ano da safra;;ATT_5740;31/12/9999;14/07/2022
Aplicação;;ATT_5741;31/12/9999;14/07/2022
Aplicação;;ATT_5742;31/12/9999;14/07/2022
Aplicação;;ATT_5744;31/12/9999;14/07/2022
Aplicação;;ATT_5745;31/12/9999;14/07/2022
Aplicação;;ATT_5746;31/12/9999;14/07/2022
Aplicação;;ATT_5747;31/12/9999;14/07/2022
Aplicação da roda/pneu;;ATT_5748;31/12/9999;14/07/2022
Apresentação;;ATT_5749;31/12/9999;14/07/2022
Apresentação;;ATT_5750;31/12/9999;14/07/2022
Apresentação;;ATT_5751;31/12/9999;14/07/2022
Apresentação;;ATT_5752;31/12/9999;14/07/2022
Apresentação;;ATT_5753;31/12/9999;14/07/2022
Apresentação;;ATT_5754;31/12/9999;14/07/2022
Apresentação;;ATT_5755;31/12/9999;14/07/2022
Aro/Banda (pol./pol.);;ATT_5756;31/12/9999;14/07/2022
Artesanal;;ATT_5757;31/12/9999;14/07/2022
Aspecto (transparência);;ATT_5758;31/12/9999;14/07/2022
Autoadesivo;;ATT_5759;31/12/9999;14/07/2022
Banda/Aro (mm/pol.);;ATT_5760;31/12/9999;14/07/2022
Banda/Série/Aro (mm/nº/pol.);;ATT_5761;31/12/9999;14/07/2022
Base da Composição;;ATT_5762;31/12/9999;14/07/2022
Borracha vulcanizada não endurecida?;;ATT_5763;31/12/9999;14/07/2022
Brilho da tinta;;ATT_5764;31/12/9999;14/07/2022
Capacidade (cm³);;ATT_5765;31/12/9999;14/07/2022
Capacidade (cm³);;ATT_5766;31/12/9999;14/07/2022
Capacidade de armazenamento;;ATT_5767;31/12/9999;14/07/2022
Uso cinematográfico?;;ATT_5768;31/12/9999;14/07/2022
Uso como adjuvante?;;ATT_5769;31/12/9999;14/07/2022
Uso da enzima;;ATT_5770;31/12/9999;14/07/2022
Uso escolar?;;ATT_5771;31/12/9999;14/07/2022
Uso fotográfico?;;ATT_5772;31/12/9999;14/07/2022
Uso industrial;;ATT_5773;31/12/9999;14/07/2022
Uso infantil?;;ATT_5774;31/12/9999;14/07/2022
Uso na agropecuária?;;ATT_5775;31/12/9999;14/07/2022
Uso na Agropecuária?;;ATT_5776;31/12/9999;14/07/2022
Uso na indústria alimentícia?;;ATT_5777;31/12/9999;14/07/2022
Uso proposto;;ATT_5778;31/12/9999;14/07/2022
Utilização;;ATT_5779;31/12/9999;14/07/2022
Utilização da correia;;ATT_5780;31/12/9999;14/07/2022
Utilização;;ATT_5781;31/12/9999;14/07/2022
Utilização;;ATT_5782;31/12/9999;14/07/2022
Utilização;;ATT_5783;31/12/9999;14/07/2022
Utilização;;ATT_5784;31/12/9999;14/07/2022
Utilizado como combustível?;;ATT_5785;31/12/9999;14/07/2022
Veículo a que se destina;;ATT_5786;31/12/9999;14/07/2022
Velocidade máxima de uso;;ATT_5787;31/12/9999;14/07/2022
Velocidade máxima de uso;;ATT_5788;31/12/9999;14/07/2022
Velocidade máxima de uso;;ATT_5789;31/12/9999;14/07/2022
Viscosidade;;ATT_5790;31/12/9999;14/07/2022
Volume individual do recipiente;;ATT_5791;31/12/9999;14/07/2022
Borracha vulcanizada;;ATT_5792;31/12/9999;14/07/2022
Outros (especifique);;ATT_5794;31/12/9999;14/07/2022
Outros (especifique);;ATT_5795;31/12/9999;14/07/2022
Outros (especifique);;ATT_5797;31/12/9999;14/07/2022
Outros (especifique);;ATT_5798;31/12/9999;14/07/2022
Outros (especifique);;ATT_5799;31/12/9999;14/07/2022
Outros (especifique);;ATT_5800;31/12/9999;14/07/2022
Outros (especifique);;ATT_5801;31/12/9999;14/07/2022
Outros (especifique);;ATT_5802;31/12/9999;14/07/2022
Outros (especifique);;ATT_5803;31/12/9999;14/07/2022
Tipo do produto;;ATT_5804;31/12/9999;14/07/2022
Tipo do produto;;ATT_5805;31/12/9999;14/07/2022
Outros (especifique);;ATT_5806;31/12/9999;14/07/2022
Outros (especifique);;ATT_5807;31/12/9999;14/07/2022
Outros (especifique);;ATT_5808;31/12/9999;14/07/2022
Outros (especifique);;ATT_5809;31/12/9999;14/07/2022
Outros (especifique);;ATT_5810;31/12/9999;14/07/2022
Outros (especifique);;ATT_5811;31/12/9999;14/07/2022
Outros (especifique);;ATT_5812;31/12/9999;14/07/2022
Outros (especifique);;ATT_5813;31/12/9999;14/07/2022
Outros (especifique);;ATT_5814;31/12/9999;14/07/2022
Outros (especifique);;ATT_5815;31/12/9999;14/07/2022
Outros (especifique);;ATT_5816;31/12/9999;14/07/2022
Outros (especifique);;ATT_5817;31/12/9999;14/07/2022
Outros (especifique);;ATT_5818;31/12/9999;14/07/2022
Outros (especifique);;ATT_5819;31/12/9999;14/07/2022
Outros (especifique);;ATT_5820;31/12/9999;14/07/2022
Outros (especifique);;ATT_5821;31/12/9999;14/07/2022
Outros (especifique);;ATT_5822;31/12/9999;14/07/2022
Outros (especifique);;ATT_5823;31/12/9999;14/07/2022
Outros (especifique);;ATT_5824;31/12/9999;14/07/2022
Outros (especifique);;ATT_5825;31/12/9999;14/07/2022
Outros (especifique);;ATT_5826;31/12/9999;14/07/2022
Outros (especifique);;ATT_5827;31/12/9999;14/07/2022
Compostos da tabela 1 da OPAQ;;ATT_5828;31/12/9999;14/07/2022
Compostos da tabela 1 da OPAQ;;ATT_5829;31/12/9999;14/07/2022
Compostos da tabela 1 da OPAQ;;ATT_5830;31/12/9999;14/07/2022
Compostos da tabela 2 da OPAQ;;ATT_5831;31/12/9999;14/07/2022
Compostos da tabela 2 da OPAQ;;ATT_5832;31/12/9999;14/07/2022
Compostos da tabela 2 da OPAQ;;ATT_5833;31/12/9999;14/07/2022
Compostos da tabela 2 da OPAQ;;ATT_5834;31/12/9999;14/07/2022
Compostos da tabela 2 da OPAQ;;ATT_5835;31/12/9999;14/07/2022
Compostos da tabela 2 da OPAQ;;ATT_5836;31/12/9999;14/07/2022
Compostos da tabela 2 da OPAQ;;ATT_5837;31/12/9999;14/07/2022
Compostos da tabela 2 da OPAQ;;ATT_5838;31/12/9999;14/07/2022
Compostos da tabela 2 da OPAQ;;ATT_5839;31/12/9999;14/07/2022
Compostos da tabela 2 da OPAQ;;ATT_5840;31/12/9999;14/07/2022
Compostos da tabela 2 da OPAQ;;ATT_5841;31/12/9999;14/07/2022
Compostos da tabela 2 da OPAQ;;ATT_5842;31/12/9999;14/07/2022
Compostos da tabela 2 da OPAQ;;ATT_5843;31/12/9999;14/07/2022
Compostos das tabelas 1 e 2 da OPAQ;;ATT_5844;31/12/9999;14/07/2022
Compostos das tabelas 1 e 2 da OPAQ;;ATT_5845;31/12/9999;14/07/2022
Compostos das tabelas 1 e 2 da OPAQ;;ATT_5846;31/12/9999;14/07/2022
Comprimento (cm);;ATT_5847;31/12/9999;14/07/2022
Comprimento (cm);;ATT_5848;31/12/9999;14/07/2022
Comprimento da correia;;ATT_5849;31/12/9999;14/07/2022
Concentração;;ATT_5851;31/12/9999;14/07/2022
Concentração;;ATT_5852;31/12/9999;14/07/2022
Concentração;;ATT_5853;31/12/9999;14/07/2022
Concentração;;ATT_5854;31/12/9999;14/07/2022
Concentração de álcool (%);;ATT_5855;31/12/9999;14/07/2022
Concentração de cacau (%);;ATT_5856;31/12/9999;14/07/2022
Concentração de frutose;;ATT_5857;31/12/9999;14/07/2022
Concentração de glicose;;ATT_5858;31/12/9999;14/07/2022
Concentração de lactose (%);;ATT_5859;31/12/9999;14/07/2022
Concentração de nitrogênio;;ATT_5860;31/12/9999;14/07/2022
Concentração de óxido de potássio (K2O);;ATT_5861;31/12/9999;14/07/2022
Concentração de sacarose (°);;ATT_5862;31/12/9999;14/07/2022
Concentração do solvente (%);;ATT_5863;31/12/9999;14/07/2022
Condição de armazenamento;;ATT_5864;31/12/9999;14/07/2022
Condição de transporte;;ATT_5865;31/12/9999;14/07/2022
Conjunto de tintas?;;ATT_5866;31/12/9999;14/07/2022
Contém acessórios?;;ATT_5867;31/12/9999;14/07/2022
Contém adesivo em alguma das faces?;;ATT_5868;31/12/9999;14/07/2022
Contém aglutinante?;;ATT_5869;31/12/9999;14/07/2022
Contém diclazuril?;;ATT_5870;31/12/9999;14/07/2022
Contém diluentes ou suportes?;;ATT_5871;31/12/9999;14/07/2022
Contém óleo fixo?;;ATT_5872;31/12/9999;14/07/2022
Conteúdo;;ATT_5873;31/12/9999;14/07/2022
Convertibilidade;;ATT_5874;31/12/9999;14/07/2022
Cor;;ATT_5875;31/12/9999;14/07/2022
Cor;;ATT_5876;31/12/9999;14/07/2022
Cor;;ATT_5877;31/12/9999;14/07/2022
Cor;;ATT_5878;31/12/9999;14/07/2022
Cristal cultivado?;;ATT_5879;31/12/9999;14/07/2022
Dados do IFA (insumo farmacêutico ativo);;ATT_5880;31/12/9999;14/07/2022
Definição de uso;;ATT_5881;31/12/9999;14/07/2022
Denominação de mercado;;ATT_5883;31/12/9999;14/07/2022
Denominação de mercado;;ATT_5884;31/12/9999;14/07/2022
Denominação de mercado;;ATT_5885;31/12/9999;14/07/2022
Denominação de mercado/Densidade;;ATT_5886;31/12/9999;14/07/2022
Denominação do princípio ativo;;ATT_5887;31/12/9999;14/07/2022
Densidade;;ATT_5888;31/12/9999;14/07/2022
Derivado de animais ruminantes?;;ATT_5889;31/12/9999;14/07/2022
Descrição do(s) Acessório(s);;ATT_5890;31/12/9999;14/07/2022
Destinação;;ATT_5892;31/12/9999;14/07/2022
Destinação;;ATT_5893;31/12/9999;14/07/2022
Aplicação;;ATT_5895;31/12/9999;14/07/2022
Destinação;;ATT_5896;31/12/9999;14/07/2022
Destinação;;ATT_5897;31/12/9999;14/07/2022
Destinação do animal vivo;;ATT_5898;31/12/9999;14/07/2022
Destinação do pneu;;ATT_5899;31/12/9999;14/07/2022
Destinação do pneu;;ATT_5900;31/12/9999;14/07/2022
Destinação final;;ATT_5901;31/12/9999;14/07/2022
Destinação final;;ATT_5902;31/12/9999;14/07/2022
Destinação final;;ATT_5903;31/12/9999;14/07/2022
Destinado a acabamento de couro?;;ATT_5904;31/12/9999;14/07/2022
Diâmetro;;ATT_5905;31/12/9999;14/07/2022
Diâmetro interno;;ATT_5906;31/12/9999;14/07/2022
Diâmetro interno;;ATT_5907;31/12/9999;14/07/2022
Diâmetro total externo;;ATT_5908;31/12/9999;14/07/2022
Dimensão;;ATT_5909;31/12/9999;14/07/2022
Dimensões;;ATT_5910;31/12/9999;14/07/2022
Dimensões (mm);;ATT_5911;31/12/9999;14/07/2022
Dimensões;;ATT_5912;31/12/9999;14/07/2022
Dimensões;;ATT_5913;31/12/9999;14/07/2022
Dimensões;;ATT_5914;31/12/9999;14/07/2022
Dimensões;;ATT_5915;31/12/9999;14/07/2022
Em forma de cristais ou pó?;;ATT_5916;31/12/9999;14/07/2022
Embalagem primária;;ATT_5917;31/12/9999;14/07/2022
Embalagem secundária;;ATT_5918;31/12/9999;14/07/2022
Endereço do(s) fabricante(s) do(s) IFA;;ATT_5919;31/12/9999;14/07/2022
Espécie animal;;ATT_5920;31/12/9999;14/07/2022
Espécie animal de origem;;ATT_5921;31/12/9999;14/07/2022
Espécie animal de origem;;ATT_5922;31/12/9999;14/07/2022
Espécie de madeira;;ATT_5923;31/12/9999;14/07/2022
Espécie de produto;;ATT_5924;31/12/9999;14/07/2022
Espécie vegetal;;ATT_5925;31/12/9999;14/07/2022
Espessura (micra);;ATT_5926;31/12/9999;14/07/2022
Espessura (mm);;ATT_5927;31/12/9999;14/07/2022
Espumante?;;ATT_5928;31/12/9999;14/07/2022
Estado de apresentação;;ATT_5930;31/12/9999;14/07/2022
Estado de apresentação;;ATT_5931;31/12/9999;14/07/2022
Estado do produto;;ATT_5933;31/12/9999;14/07/2022
Estado físico e coloração;;ATT_5935;31/12/9999;14/07/2022
Estágio de curtimento;;ATT_5936;31/12/9999;14/07/2022
Estágio de fabricação;;ATT_5937;31/12/9999;14/07/2022
Estéril?;;ATT_5938;31/12/9999;14/07/2022
Esterilização/Apresentação;;ATT_5939;31/12/9999;14/07/2022
Estojo escolar?;;ATT_5940;31/12/9999;14/07/2022
Expansão por ação do calor?;;ATT_5941;31/12/9999;14/07/2022
Extração;;ATT_5942;31/12/9999;14/07/2022
Fabricação;;ATT_5943;31/12/9999;14/07/2022
Filo;;ATT_5945;31/12/9999;14/07/2022
Finalidade;;ATT_5946;31/12/9999;14/07/2022
Finalidade;;ATT_5947;31/12/9999;14/07/2022
Finalidade;;ATT_5948;31/12/9999;14/07/2022
Finalidade;;ATT_5949;31/12/9999;14/07/2022
Finalidade;;ATT_5950;31/12/9999;14/07/2022
Finalidade;;ATT_5951;31/12/9999;14/07/2022
Finalidade;;ATT_5952;31/12/9999;14/07/2022
Finalidade;;ATT_5953;31/12/9999;14/07/2022
Finalidade da chapa/filme;;ATT_5954;31/12/9999;14/07/2022
Fonte de extração;;ATT_5955;31/12/9999;14/07/2022
Forma de Apresentação;;ATT_5956;31/12/9999;14/07/2022
Forma de apresentação;;ATT_5957;31/12/9999;14/07/2022
Forma de apresentação;;ATT_5958;31/12/9999;14/07/2022
Forma de apresentação;;ATT_5959;31/12/9999;14/07/2022
Forma de apresentação;;ATT_5960;31/12/9999;14/07/2022
Forma de apresentação;;ATT_5961;31/12/9999;14/07/2022
Forma de apresentação;;ATT_5962;31/12/9999;14/07/2022
Forma de apresentação;;ATT_5963;31/12/9999;14/07/2022
Forma de apresentação;;ATT_5964;31/12/9999;14/07/2022
Forma de Apresentação;;ATT_5965;31/12/9999;14/07/2022
Forma de apresentação;;ATT_5966;31/12/9999;14/07/2022
Forma de Apresentação;;ATT_5967;31/12/9999;14/07/2022
Forma de apresentação;;ATT_5968;31/12/9999;14/07/2022
Forma de apresentação;;ATT_5969;31/12/9999;14/07/2022
Forma de Apresentação;;ATT_5970;31/12/9999;14/07/2022
Forma de apresentação;;ATT_5971;31/12/9999;14/07/2022
Forma de apresentação;;ATT_5972;31/12/9999;14/07/2022
Forma de apresentação;;ATT_5973;31/12/9999;14/07/2022
Forma de apresentação;;ATT_5974;31/12/9999;14/07/2022
Forma de apresentação;;ATT_5975;31/12/9999;14/07/2022
Forma de apresentação;;ATT_5976;31/12/9999;14/07/2022
Forma de apresentação;;ATT_5977;31/12/9999;14/07/2022
Forma de apresentação;;ATT_5978;31/12/9999;14/07/2022
Forma de apresentação;;ATT_5980;31/12/9999;14/07/2022
Forma de apresentação;;ATT_5981;31/12/9999;14/07/2022
Forma de apresentação;;ATT_5982;31/12/9999;14/07/2022
Forma de apresentação;;ATT_5983;31/12/9999;14/07/2022
Forma de apresentação;;ATT_5984;31/12/9999;14/07/2022
Produto em formato de rolo?;;ATT_5985;31/12/9999;14/07/2022
Forma de apresentação;;ATT_5986;31/12/9999;14/07/2022
Forma farmacêutica;;ATT_5987;31/12/9999;14/07/2022
Forma física;;ATT_5988;31/12/9999;14/07/2022
Forma física e coloração;;ATT_5992;31/12/9999;14/07/2022
Forma primária?;;ATT_5993;31/12/9999;14/07/2022
Formato em rolo?;;ATT_5994;31/12/9999;14/07/2022
Fórmula química;;ATT_5995;31/12/9999;14/07/2022
Fórmula química;;ATT_5996;31/12/9999;14/07/2022
Fórmula química;;ATT_5997;31/12/9999;14/07/2022
Tipo de álbum;;ATT_5998;31/12/9999;15/07/2022
Espécie vegetal de origem;;ATT_7390;31/12/9999;15/07/2022
Outros (especifique);;ATT_7391;31/12/9999;14/07/2022
Forma de apresentação;;ATT_7430;31/12/9999;29/07/2022
Produção média de energia (kWh/mês);;ATT_7450;31/12/9999;05/08/2022
Apresentação;;ATT_7510;31/12/9999;17/08/2022
Apresentação;;ATT_7511;31/12/9999;17/08/2022
Tipo de embalagem primária;;ATT_7550;31/12/9999;31/08/2022
Quantidade do produto-embalagem primária;;ATT_7551;31/12/9999;31/08/2022
Unidade de medida do produto;;ATT_7552;31/12/9999;31/08/2022
Embalagem primária do produto;;ATT_7553;31/12/9999;01/09/2022
Conteúdo (em embalagem primária);;ATT_7555;31/12/9999;31/08/2022
Embalagem de transporte;;ATT_7556;31/12/9999;01/09/2022
Quantidade (embalagem de transporte);;ATT_7570;31/12/9999;31/08/2022
Tipo;;ATT_7571;31/12/9999;31/08/2022
Abrasivo;;ATT_7590;31/12/9999;06/09/2022
Acabamento superficial com silicone;;ATT_7591;31/12/9999;06/09/2022
Acessórios;;ATT_7592;31/12/9999;06/09/2022
Acondicionado para venda a retalho?;;ATT_7593;31/12/9999;06/09/2022
Aglutinante;;ATT_7597;31/12/9999;06/09/2022
Altura;;ATT_7598;31/12/9999;06/09/2022
Animal de origem;;ATT_7599;31/12/9999;06/09/2022
Animal de origem do pelo;;ATT_7600;31/12/9999;06/09/2022
Animal de origem dos pelos;;ATT_7601;31/12/9999;06/09/2022
Animal de origem dos pelos finos;;ATT_7602;31/12/9999;06/09/2022
Animal de origem dos pelos grosseiros;;ATT_7603;31/12/9999;06/09/2022
Animal de origem dos pelos ou crinas;;ATT_7604;31/12/9999;06/09/2022
Aplicação;;ATT_7605;31/12/9999;06/09/2022
Aplicação;;ATT_7606;31/12/9999;06/09/2022
Aplicação;;ATT_7607;31/12/9999;06/09/2022
Aplicação;;ATT_7608;31/12/9999;06/09/2022
Apresentação;;ATT_7609;31/12/9999;06/09/2022
Área da superfície, por unidade (m²);;ATT_7610;31/12/9999;06/09/2022
Artigo a que se destina a parte;;ATT_7611;31/12/9999;06/09/2022
Artigo de metal precioso?;;ATT_7612;31/12/9999;06/09/2022
Aspecto da superfície;;ATT_7613;31/12/9999;06/09/2022
Base do abrasivo;;ATT_7614;31/12/9999;06/09/2022
Beneficiamento;;ATT_7615;31/12/9999;06/09/2022
Beneficiamento;;ATT_7616;31/12/9999;22/09/2022
Bicomponente?;;ATT_7617;31/12/9999;06/09/2022
Bordado de aplicação?;;ATT_7618;31/12/9999;06/09/2022
Cabelo humano?;;ATT_7619;31/12/9999;06/09/2022
Capacidade volumétrica;;ATT_7620;31/12/9999;06/09/2022
Cardado ou penteado?;;ATT_7621;31/12/9999;06/09/2022
Coeficiente de absorção de água;;ATT_7622;31/12/9999;06/09/2022
Com desenho/bordado?;;ATT_7623;31/12/9999;06/09/2022
Composição;;ATT_7624;31/12/9999;06/09/2022
Composição;;ATT_7625;31/12/9999;06/09/2022
Composição;;ATT_7626;31/12/9999;06/09/2022
Composição;;ATT_7627;31/12/9999;06/09/2022
Composição;;ATT_7628;31/12/9999;06/09/2022
Composição;;ATT_7629;31/12/9999;06/09/2022
Composição;;ATT_7630;31/12/9999;06/09/2022
Composição;;ATT_7631;31/12/9999;06/09/2022
Composição;;ATT_7632;31/12/9999;06/09/2022
Composição;;ATT_7633;31/12/9999;06/09/2022
Composição da luva;;ATT_7634;31/12/9999;06/09/2022
Composição do cabedal;;ATT_7635;31/12/9999;06/09/2022
Composição do solado;;ATT_7636;31/12/9999;06/09/2022
Composição dos fios;;ATT_7637;31/12/9999;06/09/2022
Comprimento;;ATT_7638;31/12/9999;06/09/2022
Comprimento;;ATT_7639;31/12/9999;06/09/2022
Comprimento da meia;;ATT_7640;31/12/9999;06/09/2022
Comprimento  (m);;ATT_7641;31/12/9999;06/09/2022
Comprimento do cabo (m);;ATT_7642;31/12/9999;06/09/2022
Comprimento em cm;;ATT_7643;31/12/9999;06/09/2022
Comprimento em cm 6704;;ATT_7644;31/12/9999;06/09/2022
Conjunto;;ATT_7645;31/12/9999;06/09/2022
Consolidação;;ATT_7646;31/12/9999;06/09/2022
Consolidação;;ATT_7647;31/12/9999;06/09/2022
Construção;;ATT_7648;31/12/9999;06/09/2022
Matéria-prima;;ATT_7649;31/12/9999;06/09/2022
Matéria-prima;;ATT_7650;31/12/9999;06/09/2022
Maticidade;;ATT_7651;31/12/9999;06/09/2022
Medida do diâmetro do fio (mm);;ATT_7652;31/12/9999;06/09/2022
Metal comum;;ATT_7653;31/12/9999;06/09/2022
Natureza da poliamida;;ATT_7654;31/12/9999;06/09/2022
Número de cabos;;ATT_7655;31/12/9999;06/09/2022
Número de filamentos;;ATT_7656;31/12/9999;06/09/2022
Número de filamentos torcidos;;ATT_7657;31/12/9999;06/09/2022
Obtido por tosquia?;;ATT_7658;31/12/9999;06/09/2022
Outras matérias;;ATT_7659;31/12/9999;06/09/2022
País;;ATT_7660;31/12/9999;06/09/2022
Para dobar?;;ATT_7661;31/12/9999;06/09/2022
Partes de artigos de joalheria;;ATT_7662;31/12/9999;06/09/2022
Pedra sintética?;;ATT_7663;31/12/9999;06/09/2022
Percentual;;ATT_7664;31/12/9999;06/09/2022
Percentual de algodão;;ATT_7665;31/12/9999;06/09/2022
Percentual de algodão, em peso (%);;ATT_7666;31/12/9999;06/09/2022
Percentual de fios de borracha;;ATT_7667;31/12/9999;06/09/2022
Percentual de lã;;ATT_7668;31/12/9999;06/09/2022
Percentual de lã ou pelos finos;;ATT_7669;31/12/9999;06/09/2022
Percentual de linho;;ATT_7670;31/12/9999;06/09/2022
Percentual de seda;;ATT_7671;31/12/9999;06/09/2022
Peso do produto;;ATT_7672;31/12/9999;06/09/2022
Peso do suporte em gramas;;ATT_7673;31/12/9999;06/09/2022
Processo de Fabricação;;ATT_7674;31/12/9999;06/09/2022
Processo de fabricação;;ATT_7676;31/12/9999;06/09/2022
Processo de fabricação;;ATT_7677;31/12/9999;06/09/2022
Processo de Obtenção;;ATT_7678;31/12/9999;06/09/2022
Produto a se embalar;;ATT_7679;31/12/9999;06/09/2022
Produto de porcelana?;;ATT_7680;31/12/9999;06/09/2022
Produto estampado?;;ATT_7681;31/12/9999;06/09/2022
Quantidade de itens;;ATT_7682;31/12/9999;06/09/2022
Quantidade de itens do conjunto;;ATT_7683;31/12/9999;06/09/2022
Quantidade de peças;;ATT_7684;31/12/9999;06/09/2022
Recobertos de têxteis?;;ATT_7685;31/12/9999;06/09/2022
Revestimento;;ATT_7686;31/12/9999;06/09/2022
Seda crua;;ATT_7687;31/12/9999;06/09/2022
Sentido de torção;;ATT_7688;31/12/9999;06/09/2022
Sortido com acessórios?;;ATT_7689;31/12/9999;06/09/2022
Tapeçarias tecidas à mão?;;ATT_7690;31/12/9999;06/09/2022
Tecido à prova de bala?;;ATT_7691;31/12/9999;06/09/2022
De fibras sintéticas descontínuas?;;ATT_7692;31/12/9999;06/09/2022
Tecido lixado?;;ATT_7693;31/12/9999;06/09/2022
Tecnologia de produção;;ATT_7694;31/12/9999;06/09/2022
Tenacidade em cn/tex;;ATT_7695;31/12/9999;06/09/2022
Teor de alumina;;ATT_7696;31/12/9999;06/09/2022
Teor de oxido de zirconio;;ATT_7697;31/12/9999;06/09/2022
Teor de silica;;ATT_7698;31/12/9999;06/09/2022
Tipo;;ATT_7699;31/12/9999;06/09/2022
Tipo;;ATT_7700;31/12/9999;06/09/2022
Tipo da torção;;ATT_7701;31/12/9999;06/09/2022
Tipo de desperdício;;ATT_7702;31/12/9999;06/09/2022
Tipo de fibra;;ATT_7703;31/12/9999;06/09/2022
Tipo de fio;;ATT_7704;31/12/9999;06/09/2022
Tipo de produto empregado no tratamento;;ATT_7705;31/12/9999;06/09/2022
Tipo de renda;;ATT_7706;31/12/9999;06/09/2022
Tipo de revestimento dos fios;;ATT_7707;31/12/9999;06/09/2022
Tipo de tecido externo;;ATT_7708;31/12/9999;06/09/2022
Tipo;;ATT_7709;31/12/9999;06/09/2022
Título (dtex);;ATT_7710;31/12/9999;06/09/2022
Título da meia;;ATT_7711;31/12/9999;06/09/2022
Torções por metro (TPM);;ATT_7712;31/12/9999;06/09/2022
Transformação;;ATT_7713;31/12/9999;06/09/2022
Tratamento;;ATT_7714;31/12/9999;06/09/2022
Tratamento;;ATT_7715;31/12/9999;06/09/2022
Tratamento;;ATT_7716;31/12/9999;06/09/2022
Tratamento especial;;ATT_7718;31/12/9999;06/09/2022
Tratamento especial;;ATT_7719;31/12/9999;22/09/2022
Trata-se de fio POY?;;ATT_7720;31/12/9999;06/09/2022
Uso;;ATT_7721;31/12/9999;06/09/2022
Uso;;ATT_7722;31/12/9999;06/09/2022
Utilização;;ATT_7723;31/12/9999;06/09/2022
Utilização;;ATT_7724;31/12/9999;06/09/2022
Utilização do produto de proteção;;ATT_7725;31/12/9999;06/09/2022
Veículo;;ATT_7726;31/12/9999;06/09/2022
Veículo a que se destina;;ATT_7727;31/12/9999;06/09/2022
Venda a retalho? ;;ATT_7728;31/12/9999;06/09/2022
Acondicionamento;;ATT_7729;31/12/9999;06/09/2022
Aplicação;;ATT_7730;31/12/9999;06/09/2022
Apresentação;;ATT_7731;31/12/9999;06/09/2022
Beneficiamento;;ATT_7732;31/12/9999;06/09/2022
Beneficiamento;;ATT_7733;31/12/9999;06/09/2022
Consolidação;;ATT_7734;31/12/9999;06/09/2022
Consolidação;;ATT_7735;31/12/9999;06/09/2022
Espécie;;ATT_7736;31/12/9999;06/09/2022
Espécie;;ATT_7737;31/12/9999;06/09/2022
Estrutura do tecido;;ATT_7739;31/12/9999;06/09/2022
Finalidade;;ATT_7740;31/12/9999;06/09/2022
Forma de apresentação;;ATT_7742;31/12/9999;06/09/2022
Forma de apresentação;;ATT_7743;31/12/9999;06/09/2022
Forma de apresentação;;ATT_7744;31/12/9999;06/09/2022
Forma de Tecelagem;;ATT_7745;31/12/9999;06/09/2022
Manga;;ATT_7746;31/12/9999;06/09/2022
Material constitutivo principal;;ATT_7747;31/12/9999;06/09/2022
Matéria-prima;;ATT_7748;31/12/9999;06/09/2022
Matéria-prima;;ATT_7749;31/12/9999;06/09/2022
Matéria-prima;;ATT_7750;31/12/9999;06/09/2022
Matéria-prima;;ATT_7751;31/12/9999;06/09/2022
Maticidade;;ATT_7752;31/12/9999;06/09/2022
Natureza da poliamida;;ATT_7753;31/12/9999;06/09/2022
Outros (especifique);;ATT_7754;31/12/9999;06/09/2022
Processo de Obtenção;;ATT_7755;31/12/9999;06/09/2022
Tipo da torção;;ATT_7756;31/12/9999;06/09/2022
Tipo de desperdício;;ATT_7757;31/12/9999;06/09/2022
Tipo de fio;;ATT_7758;31/12/9999;06/09/2022
Tipo de renda;;ATT_7759;31/12/9999;06/09/2022
Tipo de revestimento dos fios;;ATT_7760;31/12/9999;06/09/2022
Tipo;;ATT_7761;31/12/9999;06/09/2022
Tratamento;;ATT_7762;31/12/9999;06/09/2022
Tratamento especial;;ATT_7764;31/12/9999;06/09/2022
Contém algodão;;ATT_7765;31/12/9999;06/09/2022
Cor;;ATT_7766;31/12/9999;06/09/2022
Cristal de chumbo?;;ATT_7767;31/12/9999;06/09/2022
Curso legal;;ATT_7768;31/12/9999;06/09/2022
Denominação comercial;;ATT_7770;31/12/9999;06/09/2022
Descrição dos itens do conjunto;;ATT_7771;31/12/9999;06/09/2022
Desperdícios de fibras sintéticas?;;ATT_7773;31/12/9999;06/09/2022
Destinação;;ATT_7774;31/12/9999;06/09/2022
Destinação;;ATT_7775;31/12/9999;06/09/2022
Destinação;;ATT_7776;31/12/9999;06/09/2022
Destinação;;ATT_7777;31/12/9999;06/09/2022
Destinação;;ATT_7778;31/12/9999;06/09/2022
Destinação;;ATT_7779;31/12/9999;06/09/2022
Destinação;;ATT_7780;31/12/9999;06/09/2022
Diâmetro;;ATT_7781;31/12/9999;06/09/2022
Diâmetro (cm);;ATT_7782;31/12/9999;06/09/2022
Diâmetro (cm);;ATT_7783;31/12/9999;06/09/2022
Dimensão da secção transversal (mm);;ATT_7784;31/12/9999;06/09/2022
Elaborado com cabelo humano?;;ATT_7785;31/12/9999;06/09/2022
Elaborado com pérola cultivada?;;ATT_7786;31/12/9999;06/09/2022
Enchimento;;ATT_7787;31/12/9999;06/09/2022
Enchimento;;ATT_7788;31/12/9999;06/09/2022
Equipamento de proteção?;;ATT_7789;31/12/9999;06/09/2022
Espécie;;ATT_7790;31/12/9999;06/09/2022
Espécie;;ATT_7791;31/12/9999;06/09/2022
Espécie;;ATT_7792;31/12/9999;06/09/2022
Espécie;;ATT_7793;31/12/9999;06/09/2022
Especificação;;ATT_7795;31/12/9999;06/09/2022
Espelho emoldurado?;;ATT_7796;31/12/9999;06/09/2022
Espessura;;ATT_7797;31/12/9999;06/09/2022
Espessura (mm);;ATT_7798;31/12/9999;06/09/2022
Espessura (mm);;ATT_7799;31/12/9999;06/09/2022
Estado de elaboração do produto;;ATT_7800;31/12/9999;06/09/2022
Estrutura do tecido;;ATT_7801;31/12/9999;06/09/2022
Estrutura do tecido;;ATT_7802;31/12/9999;06/09/2022
Estrutura/Trama;;ATT_7803;31/12/9999;06/09/2022
Fabricação manual?;;ATT_7804;31/12/9999;06/09/2022
Fabricação mecânica?;;ATT_7805;31/12/9999;06/09/2022
Faixa etária;;ATT_7806;31/12/9999;06/09/2022
Fibras artificiais descontinuas?;;ATT_7807;31/12/9999;06/09/2022
Fibras sintéticas descontinuas?;;ATT_7808;31/12/9999;06/09/2022
Fibras sintéticas/artificiais (%);;ATT_7809;31/12/9999;06/09/2022
Finalidade;;ATT_7810;31/12/9999;06/09/2022
Finalidade;;ATT_7811;31/12/9999;06/09/2022
Finalidade;;ATT_7812;31/12/9999;06/09/2022
Finalidade;;ATT_7813;31/12/9999;06/09/2022
Finalidade;;ATT_7814;31/12/9999;06/09/2022
Tipo;;ATT_7815;31/12/9999;06/09/2022
Fio cru, para tapetes?;;ATT_7816;31/12/9999;06/09/2022
De fibras sintéticas descontínuas?;;ATT_7817;31/12/9999;06/09/2022
Fio liso?;;ATT_7818;31/12/9999;06/09/2022
Fios de fibras artificiais descontinuas?;;ATT_7819;31/12/9999;06/09/2022
Fios de fibras sintéticas descontinuas?;;ATT_7820;31/12/9999;06/09/2022
Matéria-prima;;ATT_7821;31/12/9999;06/09/2022
Matéria-prima;;ATT_7822;31/12/9999;06/09/2022
Matéria-prima;;ATT_7823;31/12/9999;06/09/2022
Matéria-prima;;ATT_7824;31/12/9999;06/09/2022
Matéria-prima;;ATT_7825;31/12/9999;06/09/2022
Forma de acondicionamento;;ATT_7826;31/12/9999;06/09/2022
Forma de acondicionamento/suporte;;ATT_7827;31/12/9999;06/09/2022
Forma de apresentação;;ATT_7829;31/12/9999;06/09/2022
Forma de apresentação;;ATT_7830;31/12/9999;06/09/2022
Forma de apresentação;;ATT_7831;31/12/9999;06/09/2022
Forma de apresentação;;ATT_7832;31/12/9999;06/09/2022
Forma de apresentação;;ATT_7833;31/12/9999;06/09/2022
Forma de apresentação;;ATT_7834;31/12/9999;06/09/2022
Forma de apresentação;;ATT_7835;31/12/9999;06/09/2022
Forma de apresentação;;ATT_7836;31/12/9999;06/09/2022
Forma de apresentação;;ATT_7837;31/12/9999;06/09/2022
Forma de apresentação;;ATT_7838;31/12/9999;06/09/2022
Forma de apresentação;;ATT_7839;31/12/9999;06/09/2022
Forma de apresentação;;ATT_7840;31/12/9999;06/09/2022
Forma de apresentação;;ATT_7841;31/12/9999;06/09/2022
Forma de apresentação;;ATT_7842;31/12/9999;06/09/2022
Forma de apresentação;;ATT_7843;31/12/9999;06/09/2022
Forma de apresentação;;ATT_7844;31/12/9999;06/09/2022
Forma de apresentação;;ATT_7845;31/12/9999;06/09/2022
Forma de apresentação;;ATT_7846;31/12/9999;06/09/2022
Forma de apresentação;;ATT_7847;31/12/9999;06/09/2022
Forma de apresentação;;ATT_7848;31/12/9999;06/09/2022
Forma de apresentação;;ATT_7849;31/12/9999;06/09/2022
Forma de Tecelagem;;ATT_7850;31/12/9999;06/09/2022
Forramento;;ATT_7851;31/12/9999;06/09/2022
Gênero;;ATT_7852;31/12/9999;16/09/2022
Impregnado, revestido ou recoberto?;;ATT_7853;31/12/9999;06/09/2022
Largura do tecido em cm;;ATT_7854;31/12/9999;06/09/2022
Largura em centímetros;;ATT_7855;31/12/9999;06/09/2022
Ligamento;;ATT_7856;31/12/9999;06/09/2022
Ligamento;;ATT_7857;31/12/9999;06/09/2022
Manga;;ATT_7858;31/12/9999;06/09/2022
Marca ou nome comercial;;ATT_7859;31/12/9999;06/09/2022
Material constitutivo da moldura;;ATT_7860;31/12/9999;06/09/2022
Material constitutivo do cabo;;ATT_7861;31/12/9999;06/09/2022
Material constitutivo do revestimento;;ATT_7862;31/12/9999;06/09/2022
Material constitutivo;;ATT_7863;31/12/9999;06/09/2022
Material constitutivo;;ATT_7864;31/12/9999;06/09/2022
Material constitutivo principal;;ATT_7865;31/12/9999;06/09/2022
Material constitutivo;;ATT_7866;31/12/9999;06/09/2022
Material do revestimento;;ATT_7867;31/12/9999;06/09/2022
Matéria-prima;;ATT_7868;31/12/9999;06/09/2022
Matéria-prima;;ATT_7869;31/12/9999;06/09/2022
Para piscina?;;ATT_9850;31/12/9999;22/09/2022
Matéria impressa;;ATT_9870;31/12/9999;28/09/2022
Tipo;;ATT_9871;31/12/9999;28/09/2022
Processo de produção;;ATT_9872;31/12/9999;28/09/2022
Verificável?;;ATT_9873;31/12/9999;28/09/2022
Com envelope?;;ATT_9874;31/12/9999;28/09/2022
Matéria impressa;;ATT_9875;31/12/9999;28/09/2022
Matéria impressa;;ATT_9876;31/12/9999;28/09/2022
Tipo;;ATT_9877;31/12/9999;28/09/2022
Em solução aquosa?;;ATT_9893;31/12/9999;28/09/2022
Quantidade do item;;ATT_9895;31/12/9999;29/09/2022
Descrição do item (sortido);;ATT_9896;31/12/9999;29/09/2022
Especificação do sortido;;ATT_9897;31/12/9999;30/09/2022
Temperatura de destilação de 90%;;ATT_9912;31/12/9999;06/10/2022
Processo de obtenção;;ATT_9913;31/12/9999;28/09/2022
Forma de apresentação;;ATT_9914;31/12/9999;01/11/2022
Calcinado?;;ATT_9915;31/12/9999;28/09/2022
Coco sem casca e não ralado?;;ATT_9930;31/12/9999;10/10/2022
Outros (especifique);;ATT_9950;31/12/9999;24/10/2022
Forma de apresentação;;ATT_9951;31/12/9999;25/10/2022
Grau do aço;;ATT_9953;31/12/9999;25/10/2022
Marca comercial;;ATT_9954;31/12/9999;25/10/2022
Material do revestimento;;ATT_9955;31/12/9999;24/10/2022
Produto revestido?;;ATT_9956;31/12/9999;25/10/2022
Processo de fabricação;;ATT_9957;31/12/9999;28/10/2022
Outros (especifique);;ATT_9958;31/12/9999;24/10/2022
Obtido por redução de minério de ferro?;;ATT_9959;31/12/9999;25/10/2022
Processo de obtenção;;ATT_9960;31/12/9999;31/10/2022
Processo de obtenção;;ATT_9962;31/12/9999;25/10/2022
Processo de obtenção;;ATT_9963;31/12/9999;25/10/2022
Seção transversal;;ATT_9964;31/12/9999;28/10/2022
Medida da seção transversal;;ATT_9965;31/12/9999;26/10/2022
Tipo de laminação;;ATT_9966;31/12/9999;26/10/2022
Classificação SAE-AISI do aço;;ATT_9967;31/12/9999;25/10/2022
Composição química;;ATT_9968;31/12/9999;27/10/2022
Geração;;ATT_9969;31/12/9999;27/10/2022
Teor de fósforo (%);;ATT_9970;31/12/9999;28/10/2022
Outros (especifique);;ATT_9971;31/12/9999;25/10/2022
Tratamento de superfície;;ATT_9972;31/12/9999;26/10/2022
Tratamento de superfície;;ATT_9973;31/12/9999;26/10/2022
Tratamento de superfície;;ATT_9974;31/12/9999;26/10/2022
Tratamento superficial;;ATT_9975;31/12/9999;26/10/2022
Tratamento superficial;;ATT_9976;31/12/9999;26/10/2022
Processo de revestimento;;ATT_9977;31/12/9999;26/10/2022
Tratamento superficial;;ATT_9978;31/12/9999;26/10/2022
Laminado com motivos em relevo?;;ATT_9979;31/12/9999;26/10/2022
Motivo em relevo;;ATT_9980;31/12/9999;25/10/2022
Liga do acabamento;;ATT_9981;31/12/9999;26/10/2022
Liga do acabamento;;ATT_9982;31/12/9999;25/10/2022
Possui revestimento?;;ATT_9983;31/12/9999;26/10/2022
Acabamento de superfície;;ATT_9984;31/12/9999;26/10/2022
Produto revestido, folheado ou chapeado?;;ATT_9985;31/12/9999;26/10/2022
Superfície do produto;;ATT_9986;31/12/9999;26/10/2022
Superfície do produto;;ATT_9987;31/12/9999;26/10/2022
Polido?;;ATT_9988;31/12/9999;26/10/2022
Tipo de aço;;ATT_9989;31/12/9999;26/10/2022
Forma de apresentação;;ATT_9990;31/12/9999;26/10/2022
Norma técnica;;ATT_9991;31/12/9999;26/10/2022
Norma técnica;;ATT_9992;31/12/9999;26/10/2022
Resistência à tração (mpa);;ATT_9993;31/12/9999;26/10/2022
Teor de enxofre (%);;ATT_9994;31/12/9999;26/10/2022
Revestimento;;ATT_9995;31/12/9999;26/10/2022
Material;;ATT_9996;31/12/9999;26/10/2022
Processo de laminação;;ATT_9997;31/12/9999;26/10/2022
Tratamento térmico;;ATT_9998;31/12/9999;26/10/2022
Teor de carbono;;ATT_9999;31/12/9999;28/10/2022